adduct,mz,rt QE,name,Formula
M+H,126.0315,0.69,(2-AMINOETHYL)PHOSPHONATE,C2H8NO3P
M+Na,148.0134,0.69,(2-AMINOETHYL)PHOSPHONATE+Na,C2H8NO3P
M+H-NH3,109.0049,0.69,(2-AMINOETHYL)PHOSPHONATE-NH3,C2H8NO3P
M+H,152.0164,10,"1,2-Benzisothiazolin-3-one",C7H5NOS
M+H,208.13281,9.004,"1,3-Benzodioxolyl-N-methylbutanamine (MBDB)",C12H17NO2
M+H,75.0917,0.59,"1,3-DIAMINOPROPANE",C3H10N2
M+H,113.0597,4.4,"1,4-CYCLOHEXANEDIONE",C6H8O2
M+H,189.1485,10,10-HYDROXYDECANOATE,C10H20O3
M+H-H2O,171.138,10,10-HYDROXYDECANOATE-H2O,C10H20O3
M+H,407.2792,10.89,12-KETOCHENODEOXYCHOLIC ACID,C24H38O5
M+Na,429.2611,10.89,12-KETOCHENODEOXYCHOLIC ACID+Na,C24H38O5
M+H-H2O,389.2686,10.89,12-KETOCHENODEOXYCHOLIC ACID-H2O,C24H38O5
M+H,102.055,0.77,1-AMINOCYCLOPROPANE-1-CARBOXYLATE,C4H7NO2
M+Na,124.0369,0.77,1-AMINOCYCLOPROPANE-1-CARBOXYLATE+Na,C4H7NO2
M+Na,189.05615,8.45,1-HEXANESULFONIC ACID+Na,C6H14O3S
M+H,180.1019,4.73,"1-METHYL-6,7-DIHYDROXY-1,2,3,4-TETRAHYDROISOQUINOLINE",C10H13NO2
M+H-NH3,163.0754,4.73,"1-METHYL-6,7-DIHYDROXY-1,2,3,4-TETRAHYDROISOQUINOLINE-NH3",C10H13NO2
M+H,282.1197,6.67,1-METHYLADENOSINE,C11H15N5O4
M+K,320.0756,6.67,1-METHYLADENOSINE+K,C11H15N5O4
M+Na,304.1016,6.67,1-METHYLADENOSINE+Na,C11H15N5O4
M,137.0709,0.89,1-METHYLNICOTINAMIDE,C7H9N2O
M+H,144.0808,9.47,1-NAPHTHYLAMINE,C10H9N
M+H-FA,311.2945,15.73,1-OLEOYL-RAC-GLYCEROL,C21H40O4
M+Na,145.0624,7.6,1-PHENYLETHANOL+Na,C8H10O
M+H-H2O,73.0648,10.36,"2,3-BUTANEDIOL-H2O",C4H10O2
,157.0469,1.51,"2,3-dihydroxyisovalerate",C5H10O4
M+H,153.0546,10.03,"2,4-DIHYDROXYACETOPHENONE",C8H8O3
M+H,165.0407,3.65,"2,4-DIHYDROXYPTERIDINE",C6H4N4O2
M+Na,187.0226,3.65,"2,4-DIHYDROXYPTERIDINE+Na",C6H4N4O2
M+H,157.0244,2.37,"2,4-DIHYDROXYPYRIMIDINE-5-CARBOXYLIC ACID",C5H4N2O4
M+Na,179.0063,2.37,"2,4-DIHYDROXYPYRIMIDINE-5-CARBOXYLIC ACID+Na",C5H4N2O4
M+H-H2O,139.0138,2.37,"2,4-DIHYDROXYPYRIMIDINE-5-CARBOXYLIC ACID-H2O",C5H4N2O4
M+H,155.0339,8.23,"2,5-DIHYDROXYBENZOATE",C7H6O4
M+H,109.076,0.74,"2,5-DIMETHYLPYRAZINE",C6H8N2
M+H,302.2325,10.6,"2,6-DIMETHYLHEPTANOYL CARNITINE",C16H31NO4
M+H-H2O,385.3465,16.55,24-HYDROCHOLESTEROL-H2O,C27H46O2
M+H-H2O,203.1026,0.78,2-ACETAMIDO-2-DEOXY-BETA-D-GLUCOSYLAMINE-H2O,C8H16N2O5
M+H-NH3,204.0866,0.78,2-ACETAMIDO-2-DEOXY-BETA-D-GLUCOSYLAMINE-NH3,C8H16N2O5
M+H,104.0706,0.82,2-AMINO-2-METHYLPROPANOATE,C4H9NO2
M+Na,126.0525,0.82,2-AMINO-2-METHYLPROPANOATE+Na,C4H9NO2
M+H,134.07114,7.299,2-AMINOBENZIMIDAZOLE,C7H7N3
M+H,142.0264,0.69,2-AMINOETHYL DIHYDROGEN PHOSPHATE,C2H8NO4P
M+Na,164.0083,0.69,2-AMINOETHYL DIHYDROGEN PHOSPHATE+Na,C2H8NO4P
M+H,139.04962,1.007,2-AMINONICOTINIC ACID,C6H6N2O2
M+H,110.06,1.82,2-AMINOPHENOL,C6H7NO
M+H-H2O,92.0495,1.82,2-AMINOPHENOL-H2O,C6H7NO
M+H,252.1091,5.99,2'-DEOXYADENOSINE,C10H13N5O3
M+K,290.065,5.99,2'-DEOXYADENOSINE+K,C10H13N5O3
M+Na,274.0911,5.99,2'-DEOXYADENOSINE+Na,C10H13N5O3
M+H,308.0642,1.42,2'-DEOXYCYTIDINE 5'-MONOPHOSPHATE,C9H14N3O7P
M+Na,330.0462,1.42,2'-DEOXYCYTIDINE 5'-MONOPHOSPHATE+Na,C9H14N3O7P
M+H-H2O,290.0536,1.42,2'-DEOXYCYTIDINE 5'-MONOPHOSPHATE-H2O,C9H14N3O7P
M+K,203.0316,0.8,2-DEOXY-D-GLUCOSE,C6H12O5
M+Na,187.0577,0.8,2-DEOXY-D-GLUCOSE+Na,C6H12O5
M+H,268.104,6.32,2'-DEOXYGUANOSINE,C10H13N5O4
M+H,268.104,5.7,2'-DEOXYGUANOSINE,C10H13N5O4
M+H,348.0704,3.42,2'-DEOXYGUANOSINE 5'-MONOPHOSPHATE,C10H14N5O7P
M+K,306.0599,6.32,2'-DEOXYGUANOSINE+K,C10H13N5O4
M+K,306.0599,5.7,2'-DEOXYGUANOSINE+K,C10H13N5O4
M+Na,290.086,6.32,2'-DEOXYGUANOSINE+Na,C10H13N5O4
M+Na,290.086,5.7,2'-DEOXYGUANOSINE+Na,C10H13N5O4
M+H,309.0482,2.06,2'-DEOXYURIDINE 5'-MONO-PHOS-PHATE,C9H13N2O8P
M+H,170.04478,6.545,2-FUROYLGLYCINE,C7H7NO4
M+H,151.0423,6.64,2-HYDROXY-4-(METHYLTHIO)BUTYRIC ACID,C5H10O3S
M+H-FA,105.0369,6.64,2-HYDROXY-4-(METHYLTHIO)BUTYRIC ACID-FA,C5H10O3S
M+H,149.045,1.5,2-HYDROXYGLUTARATE,C5H8O5
2+charge?,168.0178,1.5,2-HYDROXYGLUTARATE adduct,C5H8O5
M+Na,171.0269,1.5,2-HYDROXYGLUTARATE+Na,C5H8O5
M+H-H2O,131.0344,1.5,2-HYDROXYGLUTARATE+water,C5H8O5
M+H,153.0546,8.66,2-HYDROXYPHENYLACETIC ACID,C8H8O3
M+H-H2O,135.0441,8.66,2-HYDROXYPHENYLACETIC ACID-water,C8H8O3
M+H,96.0444,3.09,2-HYDROXYPYRIDINE,C5H5NO
M+Na,118.0263,3.09,2-HYDROXYPYRIDINE+Na,C5H5NO
M+H-FA,73.0648,10.37,2-METHYLBUTANAL,C5H10O
M+H,246.17,8.1,2-METHYLBUTRYOYLCARNITINE,C12H23NO4
M+Na,268.1519,8.1,2-METHYLBUTRYOYLCARNITINE+Na,C12H23NO4
M+H,147.0652,7.68,2-METHYLGLUTARIC ACID,C6H10O4
M+Na,169.0471,7.68,2-METHYLGLUTARIC ACID+Na,C6H10O4
M+H-H2O,129.0546,7.68,2-METHYLGLUTARIC ACID-H2O,C6H10O4
M+H,131.0339,5.86,2-METHYLMALEATE,C5H6O4
M+H,131.0339,3.59,2-METHYLMALEATE,C5H6O4
M+Na,153.0158,5.86,2-METHYLMALEATE+Na,C5H6O4
M+Na,153.0158,3.59,2-METHYLMALEATE+Na,C5H6O4
M+H-H2O,113.0233,5.86,2-METHYLMALEATE-H2O,C5H6O4
M+H-H2O,113.0233,3.59,2-METHYLMALEATE-H2O,C5H6O4
M+H,152.07045,7.841,2-PHENYLGLYCINE,C8H9NO2
M+H,174.055,7.66,2-QUINOLINECARBOXYLIC ACID,C10H7NO2
M+H,167.0703,9.42,3-(2-HYDROXYPHENYL)PROPANOATE,C9H10O3
M+H-H2O,149.0597,9.42,3-(2-HYDROXYPHENYL)PROPANOATE-H2O,C9H10O3
M+H-H2O,163.039,7.64,3-(4-HYDROXYPHENYL)PYRUVATE-H2O,C9H8O4
M+H,167.0703,6.107,3-(HYDROXYPHENYL) PROPIONATE,C9H10O3
M+H,651.7973,9.65,"3,3,5-TRIIODOTHYRONINE",C15H12I3NO4
M+H,155.0339,7.27,"3,4-DIHYDROXYBENZOATE",C7H6O4
M+H,198.0761,2.28,"3,4-DIHYDROXY-L-PHENYLALANINE",C9H11NO4
M+Na,220.058,2.28,"3,4-DIHYDROXY-L-PHENYLALANINE+Na",C9H11NO4
M+H-NH3,181.0495,2.28,"3,4-DIHYDROXY-L-PHENYLALANINE-NH3",C9H11NO4
M+Na,193.0471,2.23,"3,4-DIHYDROXYPHENYL GLYCOL+Na",C8H10O4
M+H-H2O,153.0546,2.23,"3,4-DIHYDROXYPHENYL GLYCOL-H2O",C8H10O4
M+H-H2O,151.039,3.05,"3,4-DIHYDROXYPHENYLACETATE-H2O",C8H8O4
M+H,151.07521,8.563,"3,4-DIMETHYLBENZOATE",C9H10O2
M+H,330.0598,6.1,"3',5'-CYCLIC AMP",C10H12N5O6P
M+Na,352.0417,6.1,"3',5'-CYCLIC AMP+Na",C10H12N5O6P
M+H,525.9007,9.75,"3,5-DIIODO-L-THYRONINE",C15H13I2NO4
M+H,433.8745,8.35,"3,5-DIIODO-L-TYROSINE",C9H9I2NO3
M+H,219.1745,14.332,"3,5-DI-TERT-bUTYLBENZALDEHYDE",C15H22O
M+H-H2O,349.2373,10.11,"3-ALPHA,11-BETA,17-ALPHA,21-TETRAHYDROXY- 5-ALPHA-PREGNAN-20-ONE-H2O",C21H34O5
M+H-H2O,349.2373,9.65,"3-ALPHA,11-BETA,17-ALPHA,21-TETRAHYDROXY- 5-ALPHA-PREGNAN-20-ONE-H2O",C21H34O5
M+H-H2O,375.2894,12.41,"3ALPHA,12ALPHA-DIHYDROXY-5BETA-CHOLANATE-H2O",C24H40O4
M+H,154.0499,1.68,3-AMINO-4-HYDROXYBENZOIC ACID,C7H7NO3
M+H,154.0499,1.98,3-AMINO-5-HYDROXYBENZOIC ACID,C7H7NO3
M+H,104.0706,0.9,3-AMINOISOBUTANOATE,C4H9NO2
M+Na,126.0525,0.9,3-AMINOISOBUTANOATE+Na,C4H9NO2
M+H-H2O,86.06,0.9,3-AMINOISOBUTANOATE-H2O,C4H9NO2
M+H,324.0591,1.52,3'-CMP,C9H14N3O8P
M+Na,346.0411,1.52,3'-CMP+Na,C9H14N3O8P
M+H,173.0444,1.37,3-DEHYDROSHIKIMATE,C7H8O5
M+Na,195.0264,1.37,3-DEHYDROSHIKIMATE+Na,C7H8O5
M+H-H2O,155.0339,1.37,3-DEHYDROSHIKIMATE-H2O,C7H8O5
M+H,163.0601,3.01,3-HYDROXY-3-METHYLGLUTARATE,C6H10O5
M+Na,185.042,3.01,3-HYDROXY-3-METHYLGLUTARATE+Na,C6H10O5
M+H-H2O,145.0495,3.01,3-HYDROXY-3-METHYLGLUTARATE-H2O,C6H10O5
M+H,154.0499,6.64,3-HYDROXYANTHRANILATE,C7H7NO3
M+H-H2O,136.0393,6.64,3-HYDROXYANTHRANILATE-H2O,C7H7NO3
M+H-NH3,137.0233,6.64,3-HYDROXYANTHRANILATE-NH3,C7H7NO3
M+H,123.0441,8.96,3-HYDROXYBENZALDEHYDE,C7H6O2
M+H-H2O,107.0491,7.32,3-HYDROXYBENZYL ALCOHOL-H2O,C7H8O2
M+H,105.0546,7.79,3-HYDROXYBUTANOIC ACID,C4H8O3
M+H-H2O,87.0441,7.79,3-HYDROXYBUTANOIC ACID-H2O,C4H8O3
M+H,360.2744,11.66,3-HYDROXYDODECANOYL CARNITINE,C19H37NO5
M+Na,382.2564,11.66,3-HYDROXYDODECANOYL CARNITINE+Na,C19H37NO5
M+H-H2O,342.2639,12.84,3-HYDROXYDODECANOYL CARNITINE-water,C19H37NO5
M+H,416.337,14.27,3-HYDROXYHEXADECANOYLCARNITINE,C23H45NO5
M+Na,438.319,12.96,3-HYDROXYHEXADECANOYLCARNITINE+Na,C23H45NO5
M+H,225.087,3.16,3-HYDROXYKYNURENINE,C10H12N2O4
M+Na,247.0689,3.16,3-HYDROXYKYNURENINE+Na,C10H12N2O4
M+H-NH3,208.0604,3.16,3-HYDROXYKYNURENINE-NH3,C10H12N2O4
M+H-H2O,135.0441,6.07,3-HYDROXYPHENYLACETATE-H2O,C8H8O3
M+H,176.0706,9.87,3-INDOLEACETATE,C10H9NO2
M+Na,221.042,5.25,3-METHOXY-4-HYDROXYMANDELATE+Na,C9H10O5
M+H-H2O,181.0495,5.25,3-METHOXY-4-HYDROXYMANDELATE-H2O,C9H10O5
M+H,212.0917,6.29,3-METHOXY-L-TYROSINE,C10H13NO4
M+K,250.0476,6.29,3-METHOXY-L-TYROSINE+K,C10H13NO4
M+Na,234.0737,6.29,3-METHOXY-L-TYROSINE+Na,C10H13NO4
M+H-NH3,195.0652,6.29,3-METHOXY-L-TYROSINE-NH3,C10H13NO4
M+H,168.1019,6.58,3-METHOXYTYRAMINE,C9H13NO2
M+H-NH3,151.0754,6.58,3-METHOXYTYRAMINE-NH3,C9H13NO2
M+H,147.0652,7.13,3-METHYGLUTARIC ACID,C6H10O4
M+Na,169.0471,7.13,3-METHYGLUTARIC ACID+Na,C6H10O4
M+H-H2O,129.0546,7.13,3-METHYGLUTARIC ACID-NH3,C6H10O4
M+H,148.0757,9.62,3-METHYL-2-OXINDOLE,C9H9NO
M+H,150.0774,2.06,3-METHYLADENINE,C6H7N5
M+Na,172.0594,2.06,3-METHYLADENINE+Na,C6H7N5
M+H,158.08118,6.994,3-METHYLCROTONYLGLYCINE,C7H11NO3
M+H,126.1026,0.61,3-METHYLHISTAMINE,C6H11N3
M+Na,148.0845,0.61,3-METHYLHISTAMINE+Na,C6H11N3
M+H-NH3,109.076,0.61,3-METHYLHISTAMINE-NH3,C6H11N3
M+H,227.0662,6.97,3-NITRO-L-TYROSINE,C9H10N2O5
M+H-NH3,210.0397,6.97,3-NITRO-L-TYROSINE-NH3,C9H10N2O5
M+H,375.28888,12.438,3-OXO-5-BETA-CHOLANATE,C24H38O3
M+H-H2O,168.9897,0.87,3-PHOSPHOGLYCERIC ACID-H2O,C3H7O7P
M+H,154.0169,0.72,3-SULFINO-L-ALANINE,C3H7NO4S
M+Na,175.9988,0.72,3-SULFINO-L-ALANINE+Na,C3H7NO4S
M+H-H2O,136.0063,0.72,3-SULFINO-L-ALANINE-H2O,C3H7NO4S
M+H,133.0608,1.25,3-UREIDOPROPIONATE,C4H8N2O3
M+Na,155.0427,1.25,3-UREIDOPROPIONATE+Na,C4H8N2O3
M+H-H2O,115.0502,1.25,3-UREIDOPROPIONATE-H2O,C4H8N2O3
M+H,146.0812,3.54,4-ACETAMIDOBUTANOATE,C6H11NO3
M+Na,168.0631,3.54,4-ACETAMIDOBUTANOATE+Na,C6H11NO3
M+H-H2O,128.0706,3.54,4-ACETAMIDOBUTANOATE-H2O,C6H11NO3
M+H,146.0812,3.51,4-ACETAMIDOBUTYRATE,C6H11NO3
M+H,138.055,8.73,4-AMINOBENZOATE,C7H7NO2
M+H,138.055,8.01,4-AMINOBENZOATE,C7H7NO2
M+H-H2O,120.0444,8.73,4-AMINOBENZOATE-H2O,C7H7NO2
M+H,104.0706,0.78,4-AMINOBUTANOATE (GABA),C4H9NO2
M+Na,126.0525,0.78,4-AMINOBUTANOATE (GABA)+Na,C4H9NO2
M+H-H2O,86.06,0.78,4-AMINOBUTANOATE (GABA)-H2O,C4H9NO2
M+H-NH3,87.0441,0.78,4-AMINOBUTANOATE (GABA)-NH3,C4H9NO2
M+H,195.07699,4.74,4-Aminohippuric Acid,C9H10N2O3
M+H,165.0546,9.06,4-COUMARATE,C9H8O3
M+H-H2O,147.0441,9.06,4-COUMARATE-H2O,C9H8O3
M+H,146.0924,1.59,4-GUANIDINOBUTANOATE,C5H11N3O2
M+Na,168.0743,1.59,4-GUANIDINOBUTANOATE+Na,C5H11N3O2
M+H-H2O,128.0818,1.59,4-GUANIDINOBUTANOATE-H2O,C5H11N3O2
M+H,190.0499,7.79,4-HYDROXY-2-QUINOLINECARBOXYLIC ACID,C10H7NO3
M+Na,212.0318,7.79,4-HYDROXY-2-QUINOLINECARBOXYLIC ACID+Na,C10H7NO3
M+Na,207.0628,6.07,4-HYDROXY-3-METHOXYPHENYLGLYCOL+Na,C9H12O4
M+H-H2O,167.0703,6.07,4-HYDROXY-3-METHOXYPHENYLGLYCOL-H2O,C9H12O4
M+H,359.1124,13,"4'-Hydroxy-5,6,7,8-tetramethoxyflavone",C19H18O7
M+H,123.0441,8.66,4-HYDROXYBENZALDEHYDE,C7H6O2
M+H-H2O,105.0335,8.03,4-HYDROXYBENZALDEHYDE-H2O,C7H6O2
M+H,139.039,8.03,4-HYDROXYBENZOATE,C7H6O3
M+H,168.0655,0.84,4-HYDROXY-L-PHENYLGLYCINE,C8H9NO3
M+Na,190.0475,0.84,4-HYDROXY-L-PHENYLGLYCINE+Na,C8H9NO3
M+H-NH3,151.039,0.84,4-HYDROXY-L-PHENYLGLYCINE-NH3,C8H9NO3
M+H,132.0655,0.73,4-HYDROXY-L-PROLINE,C5H9NO3
M+Na,154.0475,0.73,4-HYDROXY-L-PROLINE+Na,C5H9NO3
M+H,153.05519,9.37,4-HYDROXYPHENYLACETATE,C8H8O3
M+H,127.0502,0.96,4-IMIDAZOLEACETIC ACID,C5H6N2O2
M+Na,149.0321,0.96,4-IMIDAZOLEACETIC ACID+Na,C5H6N2O2
M+H,185.0447,7.198,4-O-METHYLGALLIC ACID,C8H8O5
M+H,184.0604,5.61,4-PYRIDOXATE,C8H9NO4
M+Na,206.0424,5.61,4-PYRIDOXATE+Na,C8H9NO4
M+H-H2O,166.0499,5.61,4-PYRIDOXATE-H2O,C8H9NO4
M+H,174.055,3.45,4-QUINOLINECARBOXYLIC ACID,C10H7NO2
M+Na,196.0369,3.45,4-QUINOLINECARBOXYLIC ACID+Na,C10H7NO2
M+H,209.0787,7.024,5-(DIHYDROXYPHENYL)-GAMMA-VALEROLACTONE,C11H12O4
M+H,115.0502,1.35,"5,6-DIHYDROURACIL",C4H6N2O2
M+H,339.07,1.47,5-AMINOIMIDAZOLE-4-CARBOXAMIDE-1-BETA-D-RIBOFURANOSYL 5'-MONOPHOSPHATE,C9H15N4O8P
M+Na,361.052,1.47,5-AMINOIMIDAZOLE-4-CARBOXAMIDE-1-BETA-D-RIBOFURANOSYL 5'-MONOPHOSPHATE+Na,C9H15N4O8P
M+H,132.0655,0.84,5-AMINOLEVULINIC ACID,C5H9NO3
M+Na,154.0475,0.84,5-AMINOLEVULINIC ACID+Na,C5H9NO3
M+H-H2O,114.055,0.84,5-AMINOLEVULINIC ACID-H2O,C5H9NO3
M+H-NH3,101.0597,1.12,5-AMINOPENTANOATE-NH3,C5H11NO2
M+H,252.1091,6.6,5'-DEOXYADENOSINE,C10H13N5O3
M+Na,274.0911,6.6,5'-DEOXYADENOSINE+Na,C10H13N5O3
M+H,192.0655,8.3,5-HYDROXYINDOLEACETATE,C10H9NO3
M+H,221.0921,6.67,5-HYDROXY-L-TRYPTOPHAN,C11H12N2O3
M+Na,243.074,6.67,5-HYDROXY-L-TRYPTOPHAN+Na,C11H12N2O3
M+H-NH3,204.0655,6.67,5-HYDROXY-L-TRYPTOPHAN-NH3,C11H12N2O3
M+H,127.03875,0.746,5-Hydroxymethyl-2-furaldehyde,C6H6O3
M+H,143.0451,1.41,5-HYDROXYMETHYLURACIL,C5H6N2O3
M+Na,165.0271,1.41,5-HYDROXYMETHYLURACIL+Na,C5H6N2O3
M+H-H2O,125.0346,1.41,5-HYDROXYMETHYLURACIL-H2O,C5H6N2O3
M+H,253.0808,11.2,5-HYDROXY-N-FORMYLKYNURENINE,C11H12N2O5
M+H,126.0662,1.16,5-METHYLCYTOSINE HYDROCLORIDE,C5H7N3O
M+K,164.0221,1.16,5-METHYLCYTOSINE HYDROCLORIDE+K,C5H7N3O
M+Na,148.0481,1.16,5-METHYLCYTOSINE HYDROCLORIDE+Na,C5H7N3O
M+H,298.0968,7.42,5'-METHYLTHIOADENOSINE,C11H15N5O3S
M+Na,320.0788,7.42,5'-METHYLTHIOADENOSINE+Na,C11H15N5O3S
M+H,130.0499,1.84,5-OXO-D-PROLINE,C5H7NO3
M+Na,152.0318,1.84,5-OXO-D-PROLINE+Na,C5H7NO3
M+H,101.0597,8.54,5-VALEROLACTONE,C5H8O2
M+H,101.0597,4.13,5-VALEROLACTONE,C5H8O2
M+H,161.0808,7.96,6-CARBOXYHEXANOATE,C7H12O4
M+Na,183.0628,7.96,6-CARBOXYHEXANOATE+Na,C7H12O4
M+H-H2O,143.0703,7.96,6-CARBOXYHEXANOATE-H2O,C7H12O4
,205.0683,0.75,6C-SUGAR ALCOHOL,C6H14O6
M+Na,187.0577,0.93,6-DEOXY-HEXOSE+Na,C6H12O5
M+K,203.0316,0.9,6-DEOXY-L-GALACTOSE+K,C6H12O5
M+Na,187.0577,0.9,6-DEOXY-L-GALACTOSE+Na,C6H12O5
M+H-H2O,147.0652,0.9,6-DEOXY-L-GALACTOSE-H2O,C6H12O5
M+H-NH3,153.0546,6.32,6-HYDROXYDOPAMINE-NH3,C8H11NO3
M+H,140.0342,4.18,6-HYDROXYNICOTINATE,C6H5NO3
M+Na,162.0162,4.18,6-HYDROXYNICOTINATE+Na,C6H5NO3
M+H,277.0319,0.76,6-PHOSPHOGLUCONIC ACID,C6H13O10P
M+H,174.05473,7.972,6-QUINOLINCARBOXYLIC ACID,C10H7NO2
M+H,225.09879,7.82,7-(b-HYDROXYETHYL)THEOPHYLLINE,C9H12N4O3
M+H,431.3156,13.31,7-hydroxy-3-oxo-4-cholestenoic acid,C27H42O4
M+Na,453.2975,13.31,7-hydroxy-3-oxo-4-cholestenoic acid+Na,C27H42O4
M+H,391.2843,12.04,7-KETOCHENODEOXYCHOLIC ACID,C24H38O4
M+H-H2O,373.2737,12.04,7-KETOCHENODEOXYCHOLIC ACID-water,C24H38O4
M+H-H2O,373.2737,10.85,7-KETOCHENODEOXYCHOLIC ACID-water,C24H38O4
M+H,407.2792,10.87,7-KETODEOXYCHOLIC ACID,C24H38O5
M+Na,429.2611,10.87,7-KETODEOXYCHOLIC ACID+Na,C24H38O5
M+H-H2O,389.2686,10.87,7-KETODEOXYCHOLIC ACID-water,C24H38O5
M+H,103.039,2.03,ACETOACETATE,C4H6O3
M+Na,125.0209,2.03,ACETOACETATE+Na,C4H6O3
M+H,152.0711,9.18,ACETOMINOPHEN,C8H9NO2
M+H,217.1295,1.62,ACETYLARGININE,C8H16N4O3
M+H,204.1232,3.7,ACETYLCARNITINE,
,207.1414,3.7,ACETYLCARNITINE (N-methyl-D3),
M+Na,226.105,3.7,ACETYLCARNITINE+Na,C9H17NO4
M-e,146.1176,2.39,ACETYLCHOLINE,C7H16NO2
M+H,218.1135,2.23,ACETYLCITRULLINE,C8H15N3O4
M+H-H2O,186.1125,3.7,ACETYL-L-CARNITINE-H2O,C9H17NO4
M+H,148.0604,0.85,ACETYL-L-SERINE,C5H9NO4
M+K,186.0163,0.85,ACETYL-L-SERINE+K,C5H9NO4
M+Na,170.0424,0.85,ACETYL-L-SERINE+Na,C5H9NO4
M+H-H2O,130.0499,0.85,ACETYL-L-SERINE-H2O,C5H9NO4
M+H-NH3,131.0339,0.85,ACETYL-L-SERINE-NH3,C5H9NO4
M+H,208.097,8.76,ACETYLPHENYLALANINE,C11H13NO3
M+H,248.1498,5.3,ACYL-CARNITINE(4-OH),
M+H,262.1649,6.6,ACYL-CARNITINE(5-OH),
M+H,136.0618,1.48,ADENINE,C5H5N5
M+K,174.0177,1.48,ADENINE+K,C5H5N5
M+Na,158.0437,1.48,ADENINE+Na,C5H5N5
M+H-NH3,119.0352,1.48,ADENINE-NH3,C5H5N5
M+H,268.104,5.72,ADENOSINE,C10H13N5O4
M+H,330.0598,3.54,"ADENOSINE 2',3'-CYCLIC MONOPHOSPHATE",C10H12N5O6P
M+Na,352.0417,3.54,"ADENOSINE 2',3'-CYCLIC MONOPHOSPHATE+Na",C10H12N5O6P
M+H,330.0598,6.1,"ADENOSINE 3',5'-CYCLIC MONOPHOSPHATE",C10H12N5O6P
M+Na,352.0417,6.1,"ADENOSINE 3',5'-CYCLIC MONOPHOSPHATE+Na",C10H12N5O6P
M+H,428.0367,1.15,"ADENOSINE 3',5'-DIPHOSPHATE",C10H15N5O10P2
M+H,560.079,1.17,ADENOSINE 5'-DIPHOSPHORIBOSE,C15H23N5O14P2
M+Na,582.0609,1.17,ADENOSINE 5'-DIPHOSPHORIBOSE+Na,C15H23N5O14P2
M+H,348.0704,1.77,ADENOSINE 5'-MONOPHOSPHATE,C10H14N5O7P
M+Na,290.086,5.72,ADENOSINE+Na,C10H13N5O4
M+H,590.0895,1.15,ADENOSINE-5'-DIPHOSPHOGLUCOSE,C16H25N5O15P2
M+Na,612.0715,1.15,ADENOSINE-5'-DIPHOSPHOGLUCOSE+Na,C16H25N5O15P2
M+H,330.0598,5.84,ADENOSINE-CYCLIC MONOPHOSPHATE,C10H12N5O6P
M+H,147.0652,7.06,ADIPIC ACID/3-METHYGLUTARIC ACID,C6H10O4
M+Na,169.0471,7.06,ADIPIC ACID/3-METHYGLUTARIC ACID+Na,C6H10O4
M+H-H2O,129.0546,7.06,ADIPIC ACID/3-METHYGLUTARIC ACID-H2O,C6H10O4
M+H,290.1598,7.16,ADIPOYLCARNITINE,C13H23NO6
M+Na,312.1418,7.16,ADIPOYLCARNITINE+Na,C13H23NO6
M+H,131.1291,0.65,AGMATINE SULFATE,C5H14N4
M+Na,153.1111,0.65,AGMATINE SULFATE+Na,C5H14N4
M+H-NH3,114.1026,0.65,AGMATINE SULFATE-NH3,C5H14N4
M+H,147.02937,1.23,a-KETOGLUTARATE,C5H6O5
M+H,90.05495,0.751,ALANINE/SARCOSINE,C3H7NO2
M+Na,203.0526,0.79,ALDO/KETO-HEXOSE,C6H12O6
M+Na,173.042,0.79,ALDOPENTOSE,C5H10O5
M+H,159.0513,0.81,ALLANTOIN,C4H6N4O3
M+Na,181.0332,0.81,ALLANTOIN+Na,C4H6N4O3
M+Na,431.2768,11.17,ALLOCHOLIC ACID+Na,C24H40O5
M+H,162.0761,0.9,ALPHA-AMINOADIPATE/N-METHYL-L-GLUTAMATE,C6H11NO4
M+K,200.032,0.9,ALPHA-AMINOADIPATE/N-METHYL-L-GLUTAMATE+K,C6H11NO4
M+Na,184.058,0.9,ALPHA-AMINOADIPATE/N-METHYL-L-GLUTAMATE+Na,C6H11NO4
M+H-H2O,144.0655,0.9,ALPHA-AMINOADIPATE/N-METHYL-L-GLUTAMATE-H2O,C6H11NO4
M+H-NH3,145.0495,0.9,ALPHA-AMINOADIPATE/N-METHYL-L-GLUTAMATE-NH3,C6H11NO4
M+H,261.037,0.72,ALPHA-D-GALACTOSE 1-PHOSPHATE,C6H13O9P
M+Na,283.0189,0.72,ALPHA-D-GALACTOSE 1-PHOSPHATE+Na,C6H13O9P
M+H-H2O,243.0264,0.72,ALPHA-D-GALACTOSE 1-PHOSPHATE-H2O,C6H13O9P
M+Na,203.0526,0.72,ALPHA-D-GLUCOSE,C6H12O6
M+H-H2O,163.0601,0.72,ALPHA-D-GLUCOSE-H2O,C6H12O6
M+H-H2O,391.2843,12.04,ALPHA-MURICHOLIC ACID-H20,C24H40O5
M+H,371.1548,7.93,AMYLOSE,C14H26O11
M+H,138.055,8.73,ANTHRANILATE,C7H7NO2
M+H-H2O,120.0444,8.73,ANTHRANILATE-H2O,C7H7NO2
M+H,549.2804,15.76,ANTIMYCIN A1,C28H40N2O9
M+H,535.2647,15.33,ANTIMYCIN A2,C27H38N2O9
M+H,521.2493,14.9,ANTIMYCIN A3,C26H36N2O9
,415.1585,8.3,APTELATOSIDE A,C19H26O10
M+Na,173.042,0.77,ARABINOSE+Na,C5H10O5
M+H-H2O,133.0495,0.77,ARABINOSE-H2O,C5H10O5
M+H,305.24667,14.95,ARACHIDONIC ACID,C20H32O2
[M+Na],327.22864,14.95,ARACHIDONIC ACID+Na,C20H32O2
M+H,177.03936,2.149,ASCORBATE,C6H8O6
M+H,134.04478,0.742,ASPARTATE,C4H7NO4
M+2H,263.087,1.01,ASP-GLU,C9H14N2O7
M+H,189.1121,9.34,AZELAIC ACID,C9H16O4
M+Na,211.0941,9.34,AZELAIC ACID+Na,C9H16O4
M+H-H2O,171.1016,9.34,AZELAIC ACID-H2O,C9H16O4
M+H,229.0859,9.601,BENZOPHENONE,C14H12O3
M+H,313.143,14.67,Benzyl butyl pthalate (BzBP),C19H20O4
M+H,108.0808,4.81,BENZYLAMINE,C7H9N
M+H-NH3,91.0542,4.81,BENZYLAMINE-NH3,C7H9N
M+H,90.055,0.71,BETA-ALANINE,C3H7NO2
M+Na,112.0369,0.71,BETA-ALANINE+Na,C3H7NO2
M+H-H2O,72.0444,0.71,BETA-ALANINE-H2O,C3H7NO2
M+Na,140.0682,0.89,BETAINE+Na,C5H11NO2
M+Na,431.2768,11.03,BETA-MURICHOLIC ACID+Na,C24H40O5
M+H,245.0954,8.18,BIOTIN,C10H16N2O3S
M+Na,267.0774,8.18,BIOTIN+Na,C10H16N2O3S
M+H-H2O,227.0849,8.18,BIOTIN-H2O,C10H16N2O3S
M+H,391.28293,16.789,Bis(2-ethylhexyl) phthalate,C24H38O4
M+H,132.1495,0.54,BIS(3-AMINOPROPYL)AMINE,C6H17N3
M+H-H2O,130.1339,0.65,BIS(3-AMINOPROPYL)AMINE-H2O,C6H17N3
M+H-NH3,115.123,0.54,BIS(3-AMINOPROPYL)AMINE-NH3,C6H17N3
,166.08626,11.49,BOC-D-Phenylalanine,C14H19NO4
M+Na,288.1212,11.49,BOC-D-Phenylalanine+Na,C14H19NO4
,182.08117,10.05,BOC-L-Tyrosine,C14H19NO5
M+Na,304.11612,10.05,BOC-L-Tyrosine+Na,C14H19NO5
M+H,73.0648,10.3,BUTANAL,C4H8O
M+H,232.1543,7.51,BUTANOYLCARNITINE,C11H21NO4
M+Na,254.1363,7.51,BUTANOYLCARNITINE+Na,C11H21NO4
,146.1181,1.2,BUTYROBETAINE,C7H15NO2
M+H,232.1549,7.41,BUTYRYLCARNITINE,C11H21NO4
,235.17253,7.43,BUTYRYLCARNITINE D9,
M+Na,254.1363,7.42,BUTYRYLCARNITINE+Na,C11H21NO4
M+Na,175.0577,0.77,C5-SUGAR ALCOHOL ,C5H12O5
M+H,181.0495,8.46,CAFFEATE,C9H8O4
M+H-H2O,163.039,8.46,CAFFEATE-H2O,C9H8O4
M+H,195.0877,8.02,CAFFEINE,C8H10N4O2
,198.09827,7.92,CAFFEINE 13C3,*C3C5H10N4O2
,198.10704,7.9,CAFFEINE-D3,C8H7D3N4O2
,153.12721,9.895,CAMPHOR,C10H16O
M+H,145.1223,9.16,CAPRYLIC ACID,C8H16O2
M+H,306.2058,12.39,CAPSAICIN,C18H27NO3
,308.2214,12.89,CAPSAICIN +2H,C18H27NO4
M+H,227.1139,0.71,CARNOSINE,C9H14N4O3
M+Na,249.0958,0.71,CARNOSINE+Na,C9H14N4O3
M+H-H2O,209.1033,0.71,CARNOSINE-H2O,C9H14N4O3
M+H-NH3,210.0873,0.71,CARNOSINE-NH3,C9H14N4O3
M+H-H2O,135.117,9.14,CARVEOL,C10H16O
M+H,291.0848,8.09,CATECHIN,C15H14O6
M+H,111.0441,13.38,CATECHOL,C6H6O2
M+Na,365.1054,0.82,CELLOBIOSE,C12H22O11
M+H-H2O,325.1129,0.82,CELLOBIOSE_H2O,C12H22O11
M+H-2H2O,357.2776,12.39,CHENODEOXYCHOLATE-2H2O,C24H40O4
M+H-H2O,375.2894,12.39,CHENODEOXYCHOLATE-H2O,C24H40O4
Dimer,899.6343,11.35,CHENODEOXYCHOLGLYCINE-Dimer,C26H43NO8
Dimer,785.5906,12.39,CHENODEOXYCHOLIC ACID-dimer,C24H40O4
M+H,450.3201,11.35,CHENODEOXYCHOLYGLYCINE (GCDCA),C26H43NO5
M+H-2H2O,414.2992,11.35,CHENODEOXYCHOLYGLYCINE (GCDCA)-2H2O,C26H43NO5
M+H-H2O,432.3099,11.35,CHENODEOXYCHOLYGLYCINE (GCDCA)-H2O,C26H43NO5
M+Na,431.2768,11.26,CHOLATE+Na,C24H40O5
M+NH4,426.3197,11.26,CHOLATE+NH4,C24H40O5
M+H-2H2O,373.2722,11.26,CHOLATE-2H2O,C24H40O5
Dimer,817.5801,11.2,CHOLATE-dimer,C24H40O5
M+H-H2O,391.2843,11.26,CHOLATE-H2O,C24H40O5
M+H-H2O,391.2827,11.26,CHOLATE-H2O,C24H40O5
M-e,104.107,0.81,CHOLINE,C5H14NO
,221.18,0.85,CHOLINE-Dimer,C5H13NO
M+H,132.0655,0.73,CIS-4-HYDROXY-D-PROLINE,C5H9NO3
M+Na,154.0475,0.73,CIS-4-HYDROXY-D-PROLINE+Na,C5H9NO3
M+H,149.0444,2.26,CITRAMALATE,C5H8O5
M+Na,171.0264,2.26,CITRAMALATE+Na,C5H8O5
M+H,193.0343,1.92,CITRATE,C6H8O7
source fragment,129.0185,1.92,CITRATE source fragment,
source fragment,157.0133,1.92,CITRATE source fragment,
source fragment,175.0238,1.92,CITRATE source fragment,
M+Na,215.0162,1.92,CITRATE+Na,C6H8O7
M+NH3,210.061,1.92,CITRATE+NH3,
M+H-H2O,175.0237,1.92,CITRATE-H2O,C6H8O7
M+H,176.103,0.77,CITRULLINE,C6H13N3O3
M+Na,198.0849,0.77,CITRULLINE+Na,C6H13N3O3
M+H-NH3,159.0764,0.77,CITRULLINE-NH3,C6H13N3O3
M+H,324.0591,1.12,CMP,C9H14N3O8P
M+Na,473.3237,12.39,COPROCHOLIC ACID+Na,C27H46O5
M+H-H2O,433.3312,12.39,COPROCHOLIC ACID-H2O,C27H46O5
M+H,347.2217,10.77,CORTICOSTERONE,C21H30O4
M+H,363.2166,10.01,CORTISOL,C21H30O5
M+H,405.2272,11.34,CORTISOL 21-ACETATE,C23H32O6
M+Na,385.1985,10.01,CORTISOL+Na,C21H30O5
M+H,361.201,10.19,CORTISONE,C21H28O5
M+H,177.1028,4.8,COTININE,C10H12N2O
M+H,132.0768,0.89,CREATINE,C4H9N3O2
M+H-H2O,194.0325,0.66,CREATINE PHOSPHATE,C4H10N3O5P
M+H,135.09613,0.89,CREATINE:D3,C4H8D3N3O3
[M+Na],157.07808,0.89,CREATINE:D3+Na,C4H8D3N3O3
M+Na,154.0587,0.89,CREATINE+Na,C4H9N3O2
M+H-H2O,114.0662,0.89,CREATINE-H2O,C4H9N3O2
M+H-NH3,115.0502,1.35,CREATINE-NH3,C4H9N3O2
M+H,114.0662,0.91,CREATININE,C4H7N3O
M+K,152.0221,0.91,CREATININE+K,C4H7N3O
M+Na,136.0481,0.91,CREATININE+Na,C4H7N3O
M+H,542.0681,3.2,CYCLIC-ADP RIBOSE,C15H21N5O13P2
M+H,211.144,8.06,CYCLO-LEU-PRO,C11H18N202
M+Na,107.0467,7.9,CYCLOPENTANONE,C5H8O
M+H,155.0815,4.35,CYCLO-PROLYLGLYCINE,C7H10N2O2
M+H,179.0485,0.72,CYS-GLY,C5H10N2O3S
M+Na,201.0304,0.72,CYS-GLY+Na,C5H10N2O3S
M+H-NH3,162.0219,0.72,CYS-GLY-NH3,C5H10N2O3S
M+H,78.0372,0.63,CYSTEAMINE,C2H7NS
M+H-H2O,76.0215,0.63,CYSTEAMINE-H2O,C2H7NS
M+H,244.0928,1.59,CYTIDINE,C9H13N3O5
M+H,306.0486,1.1,"CYTIDINE 2',3'-CYCLIC MONO-PHOS-PHATE",C9H12N3O7P
M+Na,328.0305,1.1,"CYTIDINE 2',3'-CYCLIC MONO-PHOS-PHATE+Na",C9H12N3O7P
M+H,489.1146,0.92,CYTIDINE 5'-DIPHOSPHOCHOLINE,C14H26N4O11P2
M+Na,511.0966,0.92,CYTIDINE 5'-DIPHOSPHOCHOLINE+Na,C14H26N4O11P2
M+Na,266.0747,1.59,CYTIDINE+Na,C9H13N3O5
M+H,112.0505,0.85,CYTOSINE,C4H5N3O
M+K,150.0064,0.85,CYTOSINE+K,C4H5N3O
M+Na,134.0325,0.85,CYTOSINE+Na,C4H5N3O
M+H,332.0754,2.62,DAMP,C10H14N5O6P
M+Na,354.0574,2.62,DAMP+Na,C10H14N5O6P
M+H,176.118,8.31,DEBRISOQUINE,C10H13N3
M+H-H2O,155.143,11.16,DECANOATE-H2O,C10H20O2
M+H,316.2482,11.81,DECANOYLCARNITINE,C17H33NO4
M+Na,338.2302,11.81,DECANOYLCARNITINE+Na,C17H33NO4
M+H,561.3601,7.83,DEFEROXAMIN,C25H48N6O8
M+H,403.2479,11.13,DEHYDROCHOLIC ACID,C24H34O5
M+Na,425.2298,11.13,DEHYDROCHOLIC ACID+Na,C24H34O5
M+H-H2O,385.2373,11.13,DEHYDROCHOLIC ACID-H2O,C24H34O5
M+H,175.0237,0.73,DEHYDRO-L-(+)-ASCORBIC ACID DIMER,C6H6O6
M+H,375.2894,11.64,DEHYDROLITHOCHOLIC ACID,C24H38O3
M+H,146.1176,1.21,DEOXYCARNITINE,C7H15NO2
M+Na,168.0995,1.21,DEOXYCARNITINE+Na,C7H15NO2
M+H-H2O,375.2894,12.51,DEOXYCHOLIC ACID (DCA),C24H40O4
M+Na,415.2819,12.51,DEOXYCHOLIC ACID (DCA)+Na,C24H40O4
M+H-2H2O,357.2777,12.51,DEOXYCHOLIC ACID (DCA)-2H2O,C24H40O4
M+H,373.2373,13.39,DEOXYCORTICOSTERONE ACETATE,C23H32O4
M+H,228.0979,2.19,DEOXYCYTIDINE,C9H13N3O4
M+K,266.0538,2.19,DEOXYCYTIDINE+K,C9H13N3O4
M+Na,250.0798,2.19,DEOXYCYTIDINE+Na,C9H13N3O4
M+Na,250.0798,2.19,DEOXYCYTIDINE+Na,C9H13N3O4
M+H,135.0652,6.88,DEOXYRIBOSE,C5H10O4
M+H,229.0819,4.53,DEOXYURIDINE,C9H12N2O5
M+Na,251.0638,4.53,DEOXYURIDINE+Na,C9H12N2O5
M+H-H2O,211.0713,6.52,DEOXYURIDINE-H2O,C9H12N2O5
M+H,385.3465,16.56,DESMOSTEROL,C27H44O
M+H-H2O,367.3359,16.56,DESMOSTEROL-H2O,C27H44O
M+Na,237.121,8.51,DETHIOBIOTIN,C10H18N2O3
M+H,215.139,8.51,DETHIOBIOTIN,C10H18N2O3
M+H-H2O,197.1285,8.51,DETHIOBIOTIN-H2O,C10H18N2O3
M+H,272.20013,15.651,DEXTROMETHORPHAN,C12H26N5P
M+H,181.0707,0.74,D-FRUCTOSE,C6H12O6
M+K,219.0265,0.74,D-FRUCTOSE+K,C6H12O6
M+Na,203.0526,0.74,D-FRUCTOSE+Na,C6H12O6
M+H-H2O,163.0601,0.74,D-FRUCTOSE-H2O,C6H12O6
M+H,165.0947,0.9,D-FUCOSE,C6H12NO5
M+Na,203.0526,0.72,D-GALACTOSE+Na,C6H12O6
M+H-H2O,163.0601,0.72,D-GALACTOSE-H2O,C6H12O6
M+H,197.0656,0.76,D-GLUCONATE,C6H12O7
M+K,235.0215,0.76,D-GLUCONATE+K,C6H12O7
M+Na,219.0475,0.76,D-GLUCONATE+Na,C6H12O7
M+H-H2O,179.055,0.76,D-GLUCONATE-H2O,C6H12O7
M+H,197.0656,0.75,"D-GLUCONO-1,5-LACTONE",C6H12O7
M+Na,219.0475,0.75,"D-GLUCONO-1,5-LACTONE+Na",C6H12O7
M+H-H2O,179.055,0.75,"D-GLUCONO-1,5-LACTONE-H2O",C6H12O7
,260.053,0.71,D-GLUCOSAMINE 6-PHOSPHATE,C6H14NO8P
M+H,260.0435,0.7,D-GLUCOSAMINE 6-SULFATE,C6H13NO8S
M+Na,282.0254,0.7,D-GLUCOSAMINE 6-SULFATE+Na,C6H13NO8S
M+H-H2O,242.0329,0.7,D-GLUCOSAMINE 6-SULFATE-H2O,C6H13NO8S
[M+Na],209.07329,0.72,D-GLUCOSE 13C6,HO*CH2(*CHOH)4*CHO
M+H,261.037,0.72,D-GLUCOSE 6-PHOSPHATE,C6H13O9P
M+Na,217.0319,0.73,D-GLUCURONIC ACID+Na,C6H10O7
M+H-H2O,177.0394,0.73,D-GLUCURONIC ACID-H2O,C6H10O7
M+Na,217.0319,0.73,D-GLUCURONOLACTONE,C6H10O7
M+Na,129.0158,0.85,D-GLYCERIC ACID,C3H6O4
M+H,197.0656,0.74,D-GULONIC ACID GAMA-LACTONE,C6H12O7
M+Na,219.0475,0.74,D-GULONIC ACID GAMA-LACTONE+Na,C6H12O7
M+H-H2O,179.055,0.74,D-GULONIC ACID GAMA-LACTONE-H2O,C6H12O7
,259.18988,14.276,DIBUTYL ADIPATE,C14H26O4
[M+Na],281.17184,14.276,DIBUTYL ADIPATE+Na,C14H26O4
,279.15833,14.732,DIBUTYL PHTHALATE,C16H22O4
,331.18961,15.731,DICYCLOEXYL PHTHALATE,C20H26O4
M+H,106.0863,0.72,DIETHANOLAMINE,C4H11NO2
M+Na,128.0682,0.69,DIETHANOLAMINE+Na,C4H11NO2
M+Na,225.0733,9.34,DIETHYL 2-METHYL-3-OXOSUCCINATE,C9H14O5
M+H,223.0962,12.37,DIETHYL PHTHALATE (DEP),C12H14O4
M+H,245.2693,0.53,DIETHYNORSPERMINE,C13H32N4
M+H,159.04003,1.2,DIHYDROOROTATE,C5H6N2O4
M+H,171.0053,0.8,DIHYDROXYACETONE PHOSPHATE,C3H7O6P
M+H-H2O,167.0339,13.63,DIHYDROXYMANDELIC ACID-H2O,C8H8O5
M+H,162.0551,8.067,DIHYDROXYQUINOINE,C9H7NO2
M+H,279.2319,14.756,DIISOBUTYLPHTHALATE,C16H22O4
M+H,195.0649,11.03,DIMETHYL PTHALATE,C10H10O4
M+H,203.1503,0.996,DIMETHYLARGININE,C8H18N4O2
M+H,147.0917,8.27,DIMETHYLBENZIMIDAZOLE,C9H10N2
M+H,312.1302,7.04,DIMETHYLGUANOSINE,C12H17N5O5
M+H,279.1586,14.67,Di-n-butyl pthalate (DBP),C16H22O4
M+H,170.0967,13.7,DIPHENYLAMINE,C12H11N
M+H,251.12715,13.724,Dipropyl phthalate,C14H18O4
M+H,251.1274,13.6,Dipropyl phthalate (DPP),C14H18O4
[M+Na],157.08334,6.462,Dipropylene glycol,C6H14O3
M+H,343.1532,14.555,Dipropyleneglycol dibenzoate,C20H22O5
M+H,297.05756,14.062,DISULFIRAM,C10H20N2S4
M+H,343.1235,0.75,D-LACTOSE,C12H22O11
M+Na,365.1054,0.75,D-LACTOSE+Na,C12H22O11
M+H-H2O,325.1129,0.75,D-LACTOSE-H2O,C12H22O11
M+H,180.0866,0.67,D-MANNOSAMINE,C6H13NO5
M+K,218.0425,0.67,D-MANNOSAMINE+K,C6H13NO5
M+Na,202.0686,0.67,D-MANNOSAMINE+Na,C6H13NO5
M+H-H2O,162.0761,0.67,D-MANNOSAMINE-H2O,C6H13NO5
M+H,261.037,0.72,D-MANNOSE 6-PHOSPHATE,C6H13O9P
M+Na,283.0189,0.72,D-MANNOSE 6-PHOSPHATE+Na,C6H13O9P
M+H-H2O,243.0264,0.72,D-MANNOSE 6-PHOSPHATE-H2O,C6H13O9P
,329.348,15.76,DOCOSAHEXANOIC ACID,
M+H,344.2795,13.12,DODECANOYLCARNITINE,C19H37NO4
,344.2801,12.71,DODECANOYLCARNITINE,C19H37NO4
M+Na,366.2615,13.12,DODECANOYLCARNITINE+Na,C19H37NO4
M+H,154.0863,2.8,DOPAMINE,C8H11NO2
M+H-NH3,137.0597,2.8,DOPAMINE-NH3,C8H11NO2
,421.1224,11.44,DORIPENEM,C15H24N4O6S2
M+Na,173.042,0.77,D-RIBOSE,C5H10O5
M+Na,253.0084,0.78,D-RIBOSE 5-PHOSPHATE,C5H11O8P
M+H-H2O,133.0495,0.77,D-RIBOSE-H2O,C5H10O5
M+Na,233.0268,0.77,D-SACCHARIC ACID,C6H10O8
M+H-H2O,193.0343,0.77,D-SACCHARIC ACID-H2O,C6H10O8
M+H,183.0863,0.74,D-SORBITOL,C6H14O6
M+K,221.0422,0.74,D-SORBITOL+K,C6H14O6
M+Na,205.0683,0.74,D-SORBITOL+Na,C6H14O6
M+H-H2O,165.0757,0.74,D-SORBITOL-H2O,C6H14O6
M+H-H2O,163.0601,0.72,D-TAGATOSE,C6H12O6
M+Na,203.0526,0.72,D-TAGATOSE+Na,C6H12O6
M+H-H2O,133.0495,0.77,D-XYLOSE,C5H10O5
M+Na,173.042,0.77,D-XYLOSE+Na,C5H10O5
,311.1113,7.6,E-1-O-Cinnamoyl-beta-D-glucose,C15H18O7
,293.098,1,EDTA,C10H16N2O8
,303.232,15.28,EICOSAPENTANOIC ACID,
,445.1127,8.59,Enterocin,C22H20O10
M+H-H2O,255.2107,10.76,EPIANDROSTERONE,C19H30O2
,291.0848,8.38,EPICATECHIN,C15H14O6
,443.096,9.11,EPICATECHIN GALLATE,C22H18O10
,307.0801,7.87,EPIGALLOCATECHIN,C15H14O7
M+H,184.0968,1.68,EPINEPHRINE,C9H13NO3
M+Na,206.0788,1.68,EPINEPHRINE+Na,C9H13NO3
M+H-H2O,166.0863,1.68,EPINEPHRINE-H2O,C9H13NO3
M+H,231.0991,1.1,ERGOTHIONEINE,C9H15N3O2S
,338.34338,16.915,ERUCAMIDE,C22H43NO
M+H,123.0652,0.76,ERYTHRITOL,C4H10O4
M+Na,145.0471,0.76,ERYTHRITOL+Na,C4H10O4
M+H-H2O,105.0546,0.76,ERYTHRITOL-H2O,C4H10O4
M+H-H2O,255.1743,11.94,ESTRADIOL-17ALPHA,C18H24O2
M+ACN+H,103.0866,0.76,ETHANOLAMINE,C2H7NO
M+H,142.0264,0.69,ETHANOLAMINE PHOSPHATE,C2H8NO4P
M+Na,164.0083,0.69,ETHANOLAMINE PHOSPHATE+Na,C2H8NO4P
M+H,204.1019,12.18,ETHYL 3-INDOLEACETATE,C12H13NO2
M+Na,183.074,12.36,ETHYL 3-UREIDOPROPIONATE,C6H12N2O3
M+H,133.0495,5.95,ETHYLMALONIC ACID,C5H8O4
M+Na,155.0315,5.95,ETHYLMALONIC ACID+Na,C5H8O4
M+H-H2O,115.039,5.95,ETHYLMALONIC ACID-H2O,C5H8O4
,165.09146,13.992,EUGENOL,C10H12O2
M+H,195.0652,9.31,FERULATE,C10H10O4
M+H-H2O,177.0546,9.31,FERULATE-H2O,C10H10O4
,225.09062,14.391,FLAVANONE,C15H12O2
M+H,786.1644,7.61,FLAVIN ADENINE DINUCLEOTIDE,C27H33N9O15P2
M+ACN+H,88.0393,0.72,FORMATE,CH2O2
,209.0914,11.2,FORMYL-5-HYDROXYKYNURENAMINE,C10H12N2O3
,237.08711,10.738,FORMYLKYNURENINE,C11H12N2O4
M+H,178.0532,6.94,FORMYL-L-METHIONYL PEPTIDE,C6H11NO3S
M+Na,200.0352,6.94,FORMYL-L-METHIONYL PEPTIDE+Na,C6H11NO3S
M+H-H2O,160.0427,6.94,FORMYL-L-METHIONYL PEPTIDE-H2O,C6H11NO3S
M+Na,362.98527,1.378,"FRUCTOSE 1,6-BIPHOSPHATE",C6H14O12P2
M+Na,233.0268,0.74,GALACTARATE+Na,C6H10O8
M+H-FA,165.0394,0.74,GALACTARATE-FA,C6H10O8
M+H-H2O,193.0343,0.74,GALACTARATE-H2O,C6H10O8
M+H,183.0863,0.73,GALACTITOL,C6H14O6
M+Na,205.0683,0.73,GALACTITOL+Na,C6H14O6
M+H-H2O,165.0757,0.73,GALACTITOL-H2O,C6H14O6
M+H,180.0866,0.65,GALACTOSAMINE,C6H13NO5
M+K,218.0425,0.65,GALACTOSAMINE+K,C6H13NO5
M+Na,202.0686,0.65,GALACTOSAMINE+Na,C6H13NO5
M+H-H2O,162.0761,0.65,GALACTOSAMINE-H2O,C6H13NO5
M+Na,217.0319,0.75,GALACTURONIC ACID,C6H10O7
M+H-H2O,177.0394,0.75,GALACTURONIC ACID-H2O,C6H10O7
,273.18427,14.559,GALAXOLIDONE,C18H24O2
,171.036,7.214,GALLIC ACID,C7H6O5
,307.0802,7.4,GALLOCHATECHIN,C15H14O7
,459.0909,8.63,GALLOCHATECHIN GALLATE,C22H18O11
M+H,279.2319,14.7,GAMMA-LINOLENIC ACID,C18H30O2
M+H,409.2949,11.15,GAMMA-MURICHOLIC ACID,C24H40O5
M+Na,431.2768,11.15,GAMMA-MURICHOLIC ACID,C24H40O5
M+H-H2O,391.2843,11.15,GAMMA-MURICHOLIC ACID-H2O,C24H40O5
[M+Na],325.1268,8.6,GARCINIA LACTONE DIBUTY ESTER,C14H22O7
M+H,360.15002,0.808,GENTIOBIOSE,C12H22O11
M+H,197.0656,0.76,GLUCONIC ACID,C6H12O7
M+Na,219.0475,0.76,GLUCONIC ACID+Na,C6H12O7
M+H-H2O,179.055,0.76,GLUCONIC ACID-H2O,C6H12O7
M+H,196.0816,0.69,GLUCOSAMINATE,C6H13NO6
M+Na,218.0635,0.69,GLUCOSAMINATE+Na,C6H13NO6
M+H-H2O,178.071,0.69,GLUCOSAMINATE-H2O,C6H13NO6
M+H,180.0866,0.66,GLUCOSAMINE,C6H13NO5
M+K,218.0425,0.66,GLUCOSAMINE+K,C6H13NO5
M+Na,202.0686,0.66,GLUCOSAMINE+Na,C6H13NO5
M+H-H2O,162.0761,0.66,GLUCOSAMINE-H2O,C6H13NO5
M+Na,203.0526,0.72,GLUCOSE/FRUCTOSE+Na,C6H12O6
M+H-H2O,163.0601,0.72,GLUCOSE/FRUCTOSE-H2O,C6H12O6
M+Na,283.0189,0.76,GLUCOSE/FRUCTOSE-PHOSPHATE+Na,C6H13O9P
M+H,133.0495,4.73,GLUTARATE,C5H8O4
M+Na,155.0315,4.73,GLUTARATE+Na,C5H8O4
M+H-H2O,115.039,4.73,GLUTARATE-H2O,C5H8O4
M+H,133.0495,1.16,GLUTARIC ACID,C5H8O4
M+Na,155.0315,1.16,GLUTARIC ACID+Na,C5H8O4
M+H-H2O,115.039,1.16,GLUTARIC ACID-H2O,C5H8O4
M+H,276.1442,6.59,GLUTARYLCARNITINE,C12H21NO6
M+H,308.0911,1.6,GLUTATHIONE,C10H17N3O6S
,613.1598,3.91,GLUTATHIONE DISULFIDE,C20H32N6O12S2
[M+2H]2+,307.0838,3.91,GLUTATHIONE DISULFIDE+2,C20H32N6O12S2
M+Na,330.073,1.6,GLUTATHIONE+Na,C10H17N3O6S
M+H,249.10764,1.11,GLU-THR,C9H16N2O6
M+Na,267.0604,4.67,GLYCERALDEHYDE 3-PHOSPHATE DIETHYL ACETAL,C7H17O7P
M+H,93.0546,0.79,GLYCEROL,C3H8O3
M+Na,115.0366,0.79,GLYCEROL+Na,C3H8O3
M+H-H2O,75.0441,0.79,GLYCEROL-H2O,C3H8O3
,258.1094,0.8,GLYCEROPHOSPHOCHOLINE,C8H20NO6P
M+H,466.3163,10.54,GLYCHOCHOLIC ACID,C26H43NO6
M+2Na,510.279,10.54,GLYCHOCHOLIC ACID+2Na,C26H43NO6
M+K,504.2618,10.54,GLYCHOCHOLIC ACID+K,C26H43NO6
M+Na,488.2983,10.54,GLYCHOCHOLIC ACID+Na,C26H43NO6
M+NH4,483.34313,10.54,GLYCHOCHOLIC ACID+NH4,C26H43NO6
M+H-2H2O,430.2937,10.54,GLYCHOCHOLIC ACID-2H2O,C26H43NO6
M+H-H2O,448.3057,10.54,GLYCHOCHOLIC ACID-H2O,C26H43NO6
Dimer,931.6214,10.5,GLYCHOLIC ACID-Dimer,C26H43NO6
M+H,76.0393,0.69,GLYCINE,C2H5NO2
M+H,450.3214,11.41,GLYCOCHENODEOXYCHOLIC ACID,C26H43NO5
M+Na,472.3033,11.41,GLYCOCHENODEOXYCHOLIC ACID+Na,C26H43NO5
M+H-H2O,432.3108,11.41,GLYCOCHENODEOXYCHOLIC ACID-H2O,C26H43NO5
M+H,466.3163,10.57,GLYCOCHOLATE,C26H43NO6
M+Na,488.2983,10.57,GLYCOCHOLATE+Na,C26H43NO6
M+H-H2O,448.3057,10.57,GLYCOCHOLATE-H2O,C26H43NO6
Dimer,899.6355,11.5,GLYCODEOXYCHOLIC ACID-dimer,C26H43NO5
M+H,450.3214,11.54,GLYCODOEXYCHOLIC ACID,C26H43NO5
M+Na,472.3033,11.54,GLYCODOEXYCHOLIC ACID+Na,C26H43NO5
M+H-2H2O,414.2986,11.5,GLYCODOEXYCHOLIC ACID-2H2O,C26H43NO5
M+H-H2O,432.3108,11.54,GLYCODOEXYCHOLIC ACID-H2O,C26H43NO5
M+H,450.3214,10.72,GLYCOHYODEOXYCHOLIC ACID,C26H43NO5
M+Na,472.3033,10.72,GLYCOHYODEOXYCHOLIC ACID+Na,C26H43NO5
M+H-H2O,432.3108,10.72,GLYCOHYODEOXYCHOLIC ACID-H2O,C26H43NO5
M+K,98.9843,0.72,GLYCOLALDEHYDE DIMER+K,C2H4O2
M+H,434.3265,12.8,GLYCOLITHOCHOLIC ACID,C26H43NO4
M+Na,456.3084,12.8,GLYCOLITHOCHOLIC ACID+Na,C26H43NO4
M+H-H2O,416.3159,12.8,GLYCOLITHOCHOLIC ACID-H2O,C26H43NO4
M+H,450.3214,10.73,GLYCOURSODEOXYCHOLIC ACID,C26H43NO5
M+Na,472.3033,10.73,GLYCOURSODEOXYCHOLIC ACID+Na,C26H43NO5
M+H-2H2O,414.2986,10.73,GLYCOURSODEOXYCHOLIC ACID-2H2O,C26H43NO5
Dimer,899.6355,10.67,GLYCOURSODEOXYCHOLIC ACID-dimer,C26H43NO5
M+H-H2O,432.3108,10.73,GLYCOURSODEOXYCHOLIC ACID-H2O,C26H43NO5
,189.1235,6.614,GLYCYL-LEUCINE,C8H16N2O3
M+H-H2O,107.0491,8.66,GUAIACOL,C7H8O2
M+H,118.0611,0.78,GUANIDINOACETATE,C3H7N3O2
M+H-NH3,101.0346,0.78,GUANIDINOACETATE_NH3,C3H7N3O2
M+Na,140.043,0.78,GUANIDINOACETATE+Na,C3H7N3O2
M+H,146.0924,1.62,GUANIDINOBUTYRATE,C5H11N3O2
,152.05669,1.58,GUANINE,C5H5N5O
M+H,284.0989,6.15,GUANOSINE,C10H13N5O5
M+H,346.0547,6.27,"GUANOSINE 3',5'-CYCLIC MONOPHOSPHATE",C10H12N5O7P
M+Na,368.0367,6.27,"GUANOSINE 3',5'-CYCLIC MONOPHOSPHATE+Na",C10H12N5O7P
M+H,606.0844,1.43,GUANOSINE 5'-DIPHOSPHO-D-MANNOSE,C16H25N5O16P2
M+H,606.0844,1.61,GUANOSINE 5'-DIPHOSPHOGLUCOSE,C16H25N5O16P2
,364.0653,2.12,GUANOSINE 5'-MONOPHOSPHATE,C10H14N5O8P
M+K,322.0548,6.15,GUANOSINE+K,C10H13N5O5
M+Na,306.0809,6.15,GUANOSINE+Na,C10H13N5O5
M+H,616.1768,12.34,HEME,
M+H,131.1067,7.61,HEPTANOIC ACID,C7H14O2
M+H,400.3421,16.86,HEXADECANOYLCARNITINE,C23H45NO4
M+Na,422.3241,16.86,HEXADECANOYLCARNITINE+Na,C23H45NO4
M+H,260.1856,9.07,HEXANOYLCARNITINE,C13H25NO4
M+Na,282.1676,9.07,HEXANOYLCARNITINE+Na,C13H25NO4
,261.037,0.772,HEXOSE-6-PHOSPHATE,C6H13O9P
,365.1054,0.83,HEXOSE-DISACCHARIDE,C12H22O11
M+H,180.0655,8.03,HIPPURATE,C9H9NO3
M+Na,202.0475,8.03,HIPPURATE+Na,C9H9NO3
M+H-H2O,162.055,8.03,HIPPURATE-H2O,C9H9NO3
M+H,112.0869,0.61,HISTAMINE,C5H9N3
M+Na,134.0689,0.61,HISTAMINE+Na,C5H9N3
M+H-NH3,95.0604,0.61,HISTAMINE-NH3,C5H9N3
,207.049,6.044,HOMOCITRATE,C7H10O7
,136.0427,0.96,HOMOCYSTEINE,C4H9NO2S
M+H,269.0624,1.03,HOMOCYSTINE,C8H16N2O4S2
M+Na,291.0444,1.03,HOMOCYSTINE+Na,C8H16N2O4S2
M+H,169.0495,6.78,HOMOGENTISATE,C8H8O4
M+H-H2O,151.039,6.78,HOMOGENTISATE-H2O,C8H8O4
M+H,120.0655,0.72,HOMOSERINE,C4H9NO3
M+Na,142.0475,0.72,HOMOSERINE+Na,C4H9NO3
M+H-H2O,102.055,0.72,HOMOSERINE-H2O,C4H9NO3
M+H-H2O,165.0546,7.53,HOMOVANILLATE,C9H10O4
M+H,111.0441,13.38,HYDROQUINONE,C6H6O2
,196.0395,8.066,HYDROXYHIPPURIC ACID,C9H9NO4
M+H-H2O,375.2894,11.64,HYODEOXCHOLIC ACID-H2O,C24H40O4
M+H,110.027,0.71,HYPOTAURINE,C2H7NO2S
M+Na,132.009,0.71,HYPOTAURINE+Na,C2H7NO2S
M+H-H2O,92.0165,0.71,HYPOTAURINE-H2O,C2H7NO2S
M+H,137.0458,2.06,HYPOXANTHINE,C5H4N4O
M+Na,159.0277,2.06,HYPOXANTHINE+Na,C5H4N4O
M+H-NH3,120.0192,2.06,HYPOXANTHINE-NH3,C5H4N4O
,207.1385,8.2,IBUPROFEN,C13H18O2
M+H,160.0757,6.58,INDOLE-3-ACETALDEHYDE,C10H9NO
M+H,175.0866,8.82,INDOLE-3-ACETAMIDE,C10H10N2O
M+K,213.0425,8.82,INDOLE-3-ACETAMIDE+K,C10H10N2O
M+Na,197.0685,8.82,INDOLE-3-ACETAMIDE+Na,C10H10N2O
M+H-NH3,158.06,8.82,INDOLE-3-ACETAMIDE-NH3,C10H10N2O
M+H,176.0706,9.96,INDOLE-3-ACETATE,C10H9NO2
M+H-H2O,162.0549,8.61,INDOLE-3-CARBOXYLIC ACID,C9H7NO2
M+H,162.0913,9.91,INDOLE-3-ETHANOL,C10H11NO
M+H-H2O,144.0808,9.91,INDOLE-3-ETHANOL-H2O,C10H11NO
,188.07074,7.59,INODLEACRYLIC ACID,C11H9NO2
M+H,269.088,6.03,INOSINE,C10H12N4O5
M+H,349.0544,1.9,INOSINE 5'-MONOPHOSPHATE,C10H13N4O8P
M+Na,371.0363,1.9,INOSINE 5'-MONOPHOSPHATE+Na,C10H13N4O8P
M+H,349.0544,1.9,INOSINE 5'-PHOSPHATE,C10H13N4O8P
M+Na,371.0363,1.9,INOSINE 5'-PHOSPHATE+Na,C10H13N4O8P
M+K,307.0439,6.03,INOSINE+K,C10H12N4O5
M+Na,291.07,6.03,INOSINE+Na,C10H12N4O5
,232.1549,7.31,ISOBUTYRYLCARNITINE,C11H21NO4
M+H,193.0343,1.13,ISOCITRIC ACID,C6H8O7
M+Na,215.0162,1.13,ISOCITRIC ACID+Na,C6H8O7
M+H-H2O,175.0237,1.13,ISOCITRIC ACID-H2O,C6H8O7
,112.05053,1.597,ISOCYTOSINE,C4H5N3O
M+H,246.17,8.23,ISOVALERYLCARNITINE,C12H23NO4
M+H,246.1705,7.95,ISOVALERYLCARNITINE,C12H23NO4
,255.2258,8.11,"ISOVALERYLCARNITINE (N,N,N-trimethyl-D9)",
M+Na,268.1519,8.23,ISOVALERYLCARNITINE+Na,C12H23NO4
M+H,131.0339,5.86,ITACONATE,C5H6O4
M+H,131.0339,3.59,ITACONATE,C5H6O4
M+Na,153.0158,5.86,ITACONATE+Na,C5H6O4
M+Na,153.0158,3.59,ITACONATE+Na,C5H6O4
M+H-H2O,113.0233,5.86,ITACONATE-H2O,C5H6O4
M+H-H2O,113.0233,3.59,ITACONATE-H2O,C5H6O4
,287.0538,11.32,KAEMPFEROL,C15H10O6
,190.0498,7.66,KYNURENIC ACID,C10H7NO3
M+H,209.0921,6.96,KYNURENINE,C10H12N2O3
,209.0921,6.15,KYNURENINE,C10H12N2O3
,209.09207,6.162,KYNURENINE,C10H12N2O3
M+H,105.0659,0.64,"L-2,3-DIAMINOPROPIONIC ACID",C3H8N2O2
M+K,143.0217,0.64,"L-2,3-DIAMINOPROPIONIC ACID+K",C3H8N2O2
M+Na,127.0478,0.64,"L-2,3-DIAMINOPROPIONIC ACID+Na",C3H8N2O2
M+H-NH3,88.0393,0.64,"L-2,3-DIAMINOPROPIONIC ACID-NH3",C3H8N2O2
,162.0759,0.89,L-2-AMINO ADIPIC ACID,C6H11NO4
,187.00022,0.908,L-2-PHOSPHOGLYCERIC ACID,C3H7O7P
M+H,163.1077,0.63,L-5-HYDROXYLYSINE,C6H14N2O3
M+K,201.0636,0.63,L-5-HYDROXYLYSINE+K,C6H14N2O3
M+Na,185.0897,0.63,L-5-HYDROXYLYSINE+Na,C6H14N2O3
M+H-H2O,145.0972,0.63,L-5-HYDROXYLYSINE-H2O,C6H14N2O3
M+H-NH3,146.0812,0.63,L-5-HYDROXYLYSINE-NH3,C6H14N2O3
,91.03953,0.84,LACTIC ACID,C3H6O3
M+H,343.1234,0.7,LACTOSE,
M+K,381.0792,0.7,LACTOSE+K,
M+Na,365.1053,0.7,LACTOSE+NA,
Dimer,707.222,0.7,LACTOSE-Dimer,
M+H,90.055,0.72,L-ALANINE,C3H7NO2
,93.06556,0.72,L-ALANINE 13C3,*CH3*CH(NH2)*COOH
M+Na,112.0369,0.72,L-ALANINE+Na,C3H7NO2
M+Na,142.0475,0.72,L-ALLOTHREONINE+Na,C4H9NO3
M+H-H2O,102.055,0.72,L-ALLOTHREONINE-H2O,C4H9NO3
M+H,241.1295,0.74,L-ANSERINE,C10H16N4O3
M+Na,263.1115,0.74,L-ANSERINE+Na,C10H16N4O3
M+H-NH3,224.103,0.74,L-ANSERINE-NH3,C10H16N4O3
M+H,153.0757,0.74,L-ARABITOL,C5H12O5
M+K,191.0316,0.74,L-ARABITOL+K,C5H12O5
M+Na,175.0577,0.74,L-ARABITOL+Na,C5H12O5
M+H-H2O,135.0652,0.74,L-ARABITOL-H2O,C5H12O5
M+H,175.119,0.69,L-ARGININE,C6H14N4O2
M+K,213.0748,0.69,L-ARGININE+K,C6H14N4O2
M+Na,197.1009,0.69,L-ARGININE+Na,C6H14N4O2
M+H-NH3,158.0924,0.69,L-ARGININE-NH3,C6H14N4O2
M+H,133.0608,0.7,L-ASPARAGINE,C4H8N2O3
M+K,171.0167,0.7,L-ASPARAGINE+K,C4H8N2O3
M+Na,155.0427,0.7,L-ASPARAGINE+Na,C4H8N2O3
M+H-NH3,116.0342,0.7,L-ASPARAGINE-NH3,C4H8N2O3
M+H,134.0448,0.71,L-ASPARTATE,C4H7NO4
M+Na,156.0267,0.71,L-ASPARTATE+Na,C4H7NO4
M+H-H2O,116.0342,0.71,L-ASPARTATE-H2O,C4H7NO4
M+H,344.2795,12.77,LAUROYLCARNITINE,C19H37NO4
M+Na,366.2615,12.77,LAUROYLCARNITINE+Na,C19H37NO4
M+H,162.1125,0.95,L-CARNITINE,C7H15NO3
,171.16862,0.93,L-CARNITINE:D9,
M+K,200.0684,0.95,L-CARNITINE+K,C7H15NO3
M+Na,184.0944,0.95,L-CARNITINE+Na,C7H15NO3
M+H,223.0747,0.68,L-CYSTATHIONINE,C7H14N2O4S
M+Na,245.0566,0.68,L-CYSTATHIONINE+Na,C7H14N2O4S
M+H,170.0118,0.71,L-CYSTEIC ACID,C3H7NO5S
M+Na,191.9937,0.71,L-CYSTEIC ACID+Na,C3H7NO5S
M+H,122.027,0.68,L-CYSTEINE,C3H7NO2S
M+H,241.0311,0.68,L-CYSTINE,C6H12N2O4S2
M+K,278.987,0.68,L-CYSTINE,C6H12N2O4S2
M+Na,263.0131,0.68,L-CYSTINE+Na,C6H12N2O4S2
,229.15471,7.232,LEU PRO,C11H20N2O3
,362.1503,8.59,LEVOFLOXACIN,C18H20FN3O4
,165.0947,0.9,L-FUCOSE,C6H12NO6
M+H,148.0604,0.75,L-GLUTAMIC ACID,C5H9NO4
M+Na,170.0424,0.75,L-GLUTAMIC ACID+Na,C5H9NO4
M+H-H2O,130.0499,0.75,L-GLUTAMIC ACID-H2O,C5H9NO4
M+H-NH3,131.0339,0.75,L-GLUTAMIC ACID-NH3,C5H9NO4
M+H,147.0764,0.72,L-GLUTAMINE,C5H10N2O3
M+K,185.0323,0.72,L-GLUTAMINE+K,C5H10N2O3
M+Na,169.0584,0.72,L-GLUTAMINE+Na,C5H10N2O3
M+H-NH3,130.0499,0.72,L-GLUTAMINE-NH3,C5H10N2O3
M+H,156.0768,0.66,L-HISTIDINE,C6H9N3O2
M+K,194.0326,0.66,L-HISTIDINE+K,C6H9N3O2
M+Na,178.0587,0.66,L-HISTIDINE+Na,C6H9N3O2
M+H,142.0975,0.61,L-HISTIDINOL,C6H11N3O
M+K,180.0534,0.61,L-HISTIDINOL+K,C6H11N3O
M+Na,164.0794,0.61,L-HISTIDINOL+Na,C6H11N3O
M+H-H2O,124.0869,0.61,L-HISTIDINOL-H2O,C6H11N3O
M+H,118.0321,0.95,L-HOMOCYSTEINE THIOLACTONE,C4H7NOS
M+Na,140.0141,0.95,L-HOMOCYSTEINE THIOLACTONE+Na,C4H7NOS
,235.181,8.4,LIDOCAINE,C14H22N2O
M+H,155.143,9.56,LINALOOL,C10H18O
M+H,281.2475,12.88,LINOLEATE,C18H32O2
M+H,424.3421,15.59,LINOLEYLCARNITINE,C25H45NO4
M+Na,446.3241,11.32,LINOLEYLCARNITINE+Na,C25H45NO4
M+H,206.0668,9.93,LIPOAMIDE,C8H15NOS2
M+K,244.0227,9.93,LIPOAMIDE+K,C8H15NOS2
M+Na,228.0487,9.93,LIPOAMIDE+Na,C8H15NOS2
M+H-NH3,189.0402,9.93,LIPOAMIDE-NH3,C8H15NOS2
M+H,132.1019,2.3,L-ISOLEUCINE,C6H13NO2
M+Na,154.0838,2.3,L-ISOLEUCINE+Na,C6H13NO2
M+H-H2O,359.2945,14.25,LITHOCHOLIC ACID,C24H40O3
M+H,191.1026,0.67,"LL-2,6-DIAMINOHEPTANEDIOATE",C7H14N2O4
M+K,229.0585,0.67,"LL-2,6-DIAMINOHEPTANEDIOATE+K",C7H14N2O4
M+Na,213.0846,0.67,"LL-2,6-DIAMINOHEPTANEDIOATE+Na",C7H14N2O4
M+H-H2O,173.0921,0.67,"LL-2,6-DIAMINOHEPTANEDIOATE-H2O",C7H14N2O4
M+H-NH3,174.0761,0.67,"LL-2,6-DIAMINOHEPTANEDIOATE-NH3",C7H14N2O4
M+H,132.1019,2.6,L-LEUCINE,C6H13NO2
,138.12256,2.6,L-LEUCINE 13C6,(*CH3)2*CH*CH2*CH(NH2)*COOH
,142.16521,2.6,L-LEUCINE-D10,C6H3D10NO2
M+H,147.1128,0.64,L-LYSINE,C6H14N2O2
M+K,185.0687,0.64,L-LYSINE+K,C6H14N2O2
M+Na,169.0947,0.64,L-LYSINE+Na,C6H14N2O2
M+H-H2O,129.1022,0.64,L-LYSINE-H2O,C6H14N2O2
M+H-NH3,130.0863,0.64,L-LYSINE-NH3,C6H14N2O2
M+H,150.0583,1.4,L-METHIONINE,C5H11NO2S
M+H-NH3,133.0318,1.4,L-METHIONINE-NH3,C5H11NO2S
M+H,181.0641,0.7,L-METHIONINE SULFOXIMINE,C5H12N2O3S
M+K,219.02,0.7,L-METHIONINE SULFOXIMINE+K,C5H12N2O3S
M+Na,203.0461,0.7,L-METHIONINE SULFOXIMINE+Na,C5H12N2O3S
M+H-NH3,164.0376,0.7,L-METHIONINE SULFOXIMINE-NH3,C5H12N2O3S
M+Na,172.0403,1.4,L-METHIONINE+Na,C5H11NO2S
M+K,171.053,0.63,L-ORNITHINE+K,C5H12N2O2
M+H-H2O,115.0866,0.63,L-ORNITHINE-H2O,C5H12N2O2
M+H-NH3,116.0706,0.63,L-ORNITHINE-NH3,C5H12N2O2
M+H,133.0972,0.63,L-ORNITHINE,C5H12N2O2
M+Na,155.0791,0.63,L-ORNITHINE+Na,C5H12N2O2
M+Na,188.0682,6.12,L-PHENYLALANINE+Na,C9H11NO2
M+H,166.0863,6.12,L-PHENYLALANINE,C9H11NO2
M+H-NH3,149.0597,6.12,L-PHENYLALANINE-NH3,C9H11NO2
,166.08626,6.2,L-PHENYLALANINE,C9H11NO2
,172.10691,6.13,L-PHENYLALANINE 13C6,*C6H5CH2CH(NH2)COOH
,120.08078,6.2,L-PHENYLALANINE-HCOOH,C8H10N
M+H,130.0863,1.2,L-PIPECOLIC ACID,C6H11NO2
M+Na,152.0682,1.2,L-PIPECOLIC ACID+Na,C6H11NO2
M+H,116.0706,0.85,L-PROLINE,C5H9NO2
M+Na,138.0525,0.85,L-PROLINE+Na,C5H9NO2
M+Na,187.0577,0.83,L-RHAMNOSE+Na,C6H12O5
M+H-H2O,147.0652,0.83,L-RHAMNOSE-H2O,C6H12O5
M+Na,128.0318,0.69,L-SERINE+Na,C3H7NO3
M+H,106.0499,0.69,L-SERINE,C3H7NO3
M+H-H2O,88.0393,0.69,L-SERINE-H2O,C3H7NO3
M+H-H2O,163.0601,0.69,L-SORBOSE-H2O,C6H12O6
M+H,181.0707,0.69,L-SORBOSE,C6H12O6
M+Na,203.0526,0.69,L-SORBOSE+Na,C6H12O6
M+K,219.0265,0.69,L-SORBOSE+K,C6H12O6
M+H,120.0655,0.73,L-THREONINE,C4H9NO3
M+H-H2O,102.055,0.73,L-THREONINE-H2O,C4H9NO3
M+Na,142.0475,0.73,L-THREONINE+Na,C4H9NO3
M+H,205.0972,7.71,L-TRYPTOPHAN,C11H12N2O2
,216.13457,7.63,L-TRYPTOPHAN 13C11,(*C8H5NH)*CH2*CH(NH2)*COOH
[M+Na],238.11651,7.63,L-TRYPTOPHAN 13C11,(*C8H5NH)*CH2*CH(NH2)*COOH
M+K,243.053,7.71,L-TRYPTOPHAN+K,C11H12N2O2
M+Na,227.0791,7.71,L-TRYPTOPHAN+Na,C11H12N2O2
,208.11654,7.69,"L-TRYPTOPHAN-2,3,3-D3",C11H9D3N2O2
Source fragment,191.08944,7.69,"L-TRYPTOPHAN-2,3,3-D3-NH3",C11H7D3NO2
M+H,204.1131,7.51,L-TRYPTOPHANAMIDE,C11H13N3O
M+K,242.069,7.51,L-TRYPTOPHANAMIDE+K,C11H13N3O
M+Na,226.0951,7.51,L-TRYPTOPHANAMIDE+Na,C11H13N3O
M+H-NH3,187.0866,7.51,L-TRYPTOPHANAMIDE-NH3,C11H13N3O
M+H-NH3,188.0706,7.71,L-TRYPTOPHAN-NH3,C11H12N2O2
M+H,182.0812,3.4,L-TYROSINE,C9H11NO3
,188.10183,3.4,L-TYROSINE 13C6,HO*C6H4CH2CH(NH2)COOH
,165.0547,3.4,L-TYROSINE source fragment,
M+Na,204.0631,3.4,L-TYROSINE+Na,C9H11NO3
M+H-NH3,165.0546,3.4,L-TYROSINE-NH3,C9H11NO3
M+H,243.0877,9.41,LUMICHROME,C12H10N4O2
M+H,118.0863,1.11,L-VALINE/5-AMINOPENTANOATE/L-NORVALINE,C5H11NO2
M+Na,140.0682,1.11,L-VALINE/5-AMINOPENTANOATE/L-NORVALINE+Na,C5H11NO2
M+Na,173.042,0.77,L-XYLOSE+Na,C5H10O5
M+H-H2O,133.0495,0.77,L-XYLOSE-H2O,C5H10O5
,496.3403,13.5,LYSO PC (16:0),C24H50NO7P
M+Na,518.3221,13.61097,LYSO PC (16:0)+Na,C24H50NO7P
,494.3247,12.8,LYSO PC (16:1),C24H48NO7P
,524.3716,14.6,LYSO PC (18:0),C26H54NO7P
M+H,524.3731,14.7904,LYSO PC (18:0),C26H54NO7P
M+H,522.3579,13.64035,LYSO PC (18:1),
M+H,520.3417,13.01725,LYSO PC (18:2),
M+H,544.339,13.64269,LYSO PC (20:4),
M+H,544.339,13.13,LYSO PC (20:4),
M+H,568.3424,13.03635,LYSO PC (22:6),
M+H,482.3243,14.52113,LYSO PE (18:0),
M+Na,504.304,14.52288,LYSO PE (18:0)+Na,
,480.309,13.65,LYSO PE (18:1),C23H46NO7P
M+H,502.2926,12.89718,LYSO PE (20:4),
M+H,530.3238,13.54733,LYSO PE (22:4),
M+H,526.2927,12.9221,LYSO PE (22:6),
M+H,135.0288,1.07,MALATE,C4H6O5
M+Na,157.0107,1.07,MALATE+Na,C4H6O5
M+Na,138.0162,6.47,MALEAMATE,C4H5NO3
M+H,117.0182,1.74,MALEIC ACID,C4H4O4
M+Na,139.0002,1.74,MALEIC ACID+Na,C4H4O4
M+H-H2O,99.0077,1.74,MALEIC ACID-H2O,C4H4O4
M+H,98.0237,1.56,MALEIMIDE,C4H3NO2
M+H,105.0182,1.17,MALONATE,C3H4O4
M+Na,127.0002,1.17,MALONATE+Na,C3H4O4
M+H,248.1129,2.26,MALONYLCARNITINE,C10H17NO6
M+H,343.1235,0.76,MALTOSE,C12H22O11
M+Na,365.1054,0.76,MALTOSE+Na,C12H22O11
M+H-H2O,325.1129,0.76,MALTOSE-H2O,C12H22O11
M+H,183.0863,0.74,MANNITOL/Sorbitol,C6H14O6
M+K,221.0422,0.74,MANNITOL/Sorbitol+K,C6H14O6
M+Na,205.0683,0.74,MANNITOL/Sorbitol+Na,C6H14O6
M+H-H2O,165.0757,0.74,MANNITOL/Sorbitol-H2O,C6H14O6
M+H,181.0707,0.74,MANNOSE,C6H12O6
M+K,219.0265,0.74,MANNOSE+K,C6H12O6
M+Na,203.0526,0.74,MANNOSE+Na,C6H12O6
M+H,233.1285,9.74,MELATONIN,C13H16N2O2
M+K,271.0843,9.74,MELATONIN+K,C13H16N2O2
M+Na,255.1104,9.74,MELATONIN+Na,C13H16N2O2
M+H-NH3,216.1019,9.74,MELATONIN-NH3,C13H16N2O2
M+H,343.1235,0.88,MELIBIOSE,C12H22O11
M+Na,365.1054,0.88,MELIBIOSE+Na,C12H22O11
M+H-H2O,325.1129,0.88,MELIBIOSE-H2O,C12H22O11
M+Na,173.0057,0.79,MESO-TARTARIC ACID,C4H6O6
,166.05351,0.758,METHIONINE SULFOXIDE,C5H11NO3S
M+H,195.0863,0.92,METHYL BETA-D-GALACTOSIDE,C7H14O6
M+K,233.0422,0.92,METHYL BETA-D-GALACTOSIDE+K,C7H14O6
M+Na,217.0683,0.92,METHYL BETA-D-GALACTOSIDE+Na,C7H14O6
M+H,190.0863,11.55,METHYL INDOLE-3-ACETATE,C11H11NO2
M+H,225.1485,12.44,METHYL JASMONATE,C13H20O3
,225.1485,11.55,METHYL JASMONATE,C13H20O3
M+H-H2O,207.138,12.44,METHYL JASMONATE-H2O,C13H20O3
M+H-H2O,151.039,3.05,METHYL VANILLATE-H2O,C8H8O4
M+H,258.1085,2.73,METHYLCYTIDINE,C10H15N3O5
M+H,290.1598,7.3,Methylglutaryl-L-carnitine,C13H23NO6
M+H,119.0339,2.56,METHYLMALONATE,C4H6O4
M+Na,141.0158,2.56,METHYLMALONATE+Na,C4H6O4
M+H-H2O,101.0233,2.56,METHYLMALONATE-H2O,C4H6O4
M+H,149.0808,2.39,MEVALOLACTONE,C6H12O4
M+Na,171.0628,2.39,MEVALOLACTONE_Na,C6H12O4
M+H,409.2056,6.751545,MGDG (2:0_7:0),
M+NH4,652.4024,8.68763,MGDG (22:6_4:0),
M+NH4,440.2498,8.424253,MGDG (7:0_3:0),
,257.0805,11.75,Monobenzyl phthalate (mBzP), C15H12O4 
,223.09599,12.44,Monobutyl phthalate,C12H14O4
,223.0963,11.38,Monobutyl phthalate (mBP),C12H14O4
,195.0651,9.91,Monoethyl phthalate (mEP),C10H10O4
M+H,147.0652,7.68,MONO-METHYL GLUTARATE,C6H10O4
M+H,147.0652,7.19,MONO-METHYL GLUTARATE,C6H10O4
M+Na,169.0471,7.68,MONO-METHYL GLUTARATE+Na,C6H10O4
M+Na,169.0471,7.19,MONO-METHYL GLUTARATE+Na,C6H10O4
M+H-H2O,129.0546,7.68,MONO-METHYL GLUTARATE-H2O,C6H10O4
M+H-H2O,129.0546,7.19,MONO-METHYL GLUTARATE-H2O,C6H10O4
,181.0495,9.27,Monomethyl phthalate (MMP),C9H8O4
,279.1584,13.8,Monooctyl phtlate (MOP),C16H22O4
M+H-H2O,375.2894,11.5,MURIDEOXYCHOLIC ACID,C24H40O4
M+H,181.0707,0.69,MYO-INOSITOL,C6H12O6
M+K,219.0265,0.69,MYO-INOSITOL,C6H12O6
M+Na,203.0526,0.69,MYO-INOSITOL+Na,C6H12O6
M+H-H2O,163.0601,0.69,MYO-INOSITOL-H2O,C6H12O6
M+H,372.3108,14.66,MYRISOTYLCARNITINE,C21H41NO4
M+Na,394.2928,14.66,MYRISOTYLCARNITINE+Na,C21H41NO4
M+K,267.1721,13.49,MYRISTIC ACID+K,C14H28O2
,381.36633,14.14,"MYRISTOLCARNITINE (N,N,N-trimethyl-D9)",
M+H,245.2336,0.6,N1-ACETYLSPERMINE,C12H28N4O
M+Na,267.2155,0.6,N1-ACETYLSPERMINE+Na,C12H28N4O
M+K,242.0803,8.36,N6-(DELTA2-ISOPENTENYL)-ADENINE,C10H13N5
M+Na,226.1063,8.36,N6-(DELTA2-ISOPENTENYL)-ADENINE+K,C10H13N5
M+H,204.1244,8.36,N6-(DELTA2-ISOPENTENYL)-ADENINE+Na,C10H13N5
,217.1295,1.6,N-Acetyl-Arginine ,C8H16N4O3
M+H,222.0972,0.82,N-ACETYL-D-GALACTOSAMINE,C8H15NO6
M+Na,244.0792,0.82,N-ACETYL-D-GALACTOSAMINE+Na,C8H15NO6
M+H-H2O,204.0866,0.82,N-ACETYL-D-GALACTOSAMINE-H2O,C8H15NO6
M+H,222.0972,0.77,N-ACETYL-D-GLUCOSAMINE,C8H15NO6
M+K,260.0531,0.77,N-ACETYL-D-GLUCOSAMINE+K,C8H15NO6
M+Na,244.0792,0.77,N-ACETYL-D-GLUCOSAMINE+Na,C8H15NO6
M+H-H2O,204.0866,0.77,N-ACETYL-D-GLUCOSAMINE-H2O,C8H15NO6
M+H,190.071,2.23,N-ACETYL-DL-GLUTAMIC ACID,C7H11NO5
M+Na,212.0529,2.23,N-ACETYL-DL-GLUTAMIC ACID+Na,C7H11NO5
M+H-H2O,172.0604,2.23,N-ACETYL-DL-GLUTAMIC ACID-H2O,C7H11NO5
M+H,192.0689,7.31,N-ACETYL-DL-METHIONINE,C7H13NO3S
M+Na,214.0508,7.31,N-ACETYL-DL-METHIONINE+Na,C7H13NO3S
M+H-H2O,174.0583,7.31,N-ACETYL-DL-METHIONINE-H2O,C7H13NO3S
M+H,148.0604,1.09,N-ACETYL-DL-SERINE,C5H9NO4
M+Na,170.0424,1.09,N-ACETYL-DL-SERINE+Na,C5H9NO4
M+H-H2O,130.0499,1.09,N-ACETYL-DL-SERINE-H2O,C5H9NO4
M+H,247.1077,9.3,N-ACETYL-D-TRYPTOPHAN,C13H14N2O3
M+K,285.0636,9.3,N-ACETYL-D-TRYPTOPHAN+K,C13H14N2O3
M+Na,269.0897,9.3,N-ACETYL-D-TRYPTOPHAN+Na,C13H14N2O3
M+H-H2O,229.0972,9.3,N-ACETYL-D-TRYPTOPHAN-H2O,C13H14N2O3
M+H,190.071,2.225,N-ACETYLGLUTAMATE,C7H11NO5
M+H-2H2O,154.0498,2.225,N-ACETYLGLUTAMATE-2H2O,C7H11NO5
M+H,118.0499,1.21,N-ACETYLGLYCINE ,C4H7NO3
M+Na,140.0318,1.21,N-ACETYLGLYCINE +Na,C4H7NO3
M+H-H2O,100.0393,1.21,N-ACETYLGLYCINE -H2O,C4H7NO3
M+Na,244.07916,0.8,N-ACETYL-HEXOSAMINE+Na,C8H15NO6
M+H,132.0655,2.26,N-ACETYL-L-ALANINE,C5H9NO3
M+Na,154.0475,2.26,N-ACETYL-L-ALANINE+Na,C5H9NO3
M+H-H2O,114.055,2.26,N-ACETYL-L-ALANINE-H2O,C5H9NO3
M+H,176.0553,1.49,N-ACETYL-L-ASPARTIC ACID,C6H9NO5
M+K,214.0112,1.49,N-ACETYL-L-ASPARTIC ACID+K,C6H9NO5
M+Na,198.0373,1.49,N-ACETYL-L-ASPARTIC ACID+Na,C6H9NO5
M+H-H2O,158.0448,1.49,N-ACETYL-L-ASPARTIC ACID-H2O,C6H9NO5
M+H,164.0376,3.2,N-ACETYL-L-CYSTEINE,C5H9NO3S
M+Na,186.0195,3.2,N-ACETYL-L-CYSTEINE+Na,C5H9NO3S
M+H-H2O,146.027,3.2,N-ACETYL-L-CYSTEINE-H2O,C5H9NO3S
M+H,174.1125,8.35,N-ACETYL-L-LEUCINE,C8H15NO3
M+Na,196.0944,8.35,N-ACETYL-L-LEUCINE+Na,C8H15NO3
M+H-H2O,156.1019,8.35,N-ACETYL-L-LEUCINE-H2O,C8H15NO3
M+H,208.0968,8.89,N-ACETYL-L-PHENYLALANINE,C11H13NO3
M+Na,230.0788,8.89,N-ACETYL-L-PHENYLALANINE+Na,C11H13NO3
M+H-H2O,190.0863,8.89,N-ACETYL-L-PHENYLALANINE-H2O,C11H13NO3
M+H,310.1133,0.81,N-ACETYLNEURAMINATE,C11H19NO9
M+Na,332.0952,0.81,N-ACETYLNEURAMINATE+Na,C11H19NO9
M+H-H2O,292.1027,0.81,N-ACETYLNEURAMINATE-H2O,C11H19NO9
M+H,131.1179,1.1,N-ACETYLPUTRESCINE,C6H14N2O
M+Na,153.0998,1.1,N-ACETYLPUTRESCINE+Na,C6H14N2O
M+H-NH3,114.0913,1.1,N-ACETYLPUTRESCINE-NH3,C6H14N2O
M+H,219.1128,8.29,N-ACETYLSEROTONIN,C12H14N2O2
M+K,257.0687,8.29,N-ACETYLSEROTONIN+K,C12H14N2O2
M+Na,241.0947,8.29,N-ACETYLSEROTONIN+Na,C12H14N2O2
M+H-H2O,201.1022,8.29,N-ACETYLSEROTONIN-H2O,C12H14N2O2
M+H-NH3,202.0863,8.29,N-ACETYLSEROTONIN-NH3,C12H14N2O2
M+H,664.1164,3.44,NAD,C21H27N7O14P2
M+H,189.1234,1.05,NALPHA-ACETYL-L-LYSINE,C8H16N2O3
M+Na,211.1053,1.05,NALPHA-ACETYL-L-LYSINE+Na,C8H16N2O3
M+H-H2O,171.1128,1.05,NALPHA-ACETYL-L-LYSINE-H2O,C8H16N2O3
M+H-NH3,172.0968,1.05,NALPHA-ACETYL-L-LYSINE-NH3,C8H16N2O3
M+H,176.0666,0.83,N-AMIDINO-L-ASPARTATE,C5H9N3O4
M+Na,198.0485,0.83,N-AMIDINO-L-ASPARTATE,C5H9N3O4
M+H-H2O,158.056,0.83,N-AMIDINO-L-ASPARTATE-H2O,C5H9N3O4
,90.05495,9,N-BOC-L-Alanine,C8H15NO4
M+Na,212.0899,9,N-BOC-L-Alanine,C8H15NO4
,134.04478,8.6,N-BOC-L-Aspartic Acid,C9H15NO6
[M+Na],256.07974,8.6,N-BOC-L-Aspartic Acid,C9H15NO6
,132.1019,10.9,N-BOC-L-tert-Leucine,C11H21NO4
M+Na,254.18685,10.9,N-BOC-L-tert-Leucine,C11H21NO4
,205.09715,11.52,N-BOC-L-Tryptophan,C16H20N2O4
M+Na,327.1321,11.52,N-BOC-L-Tryptophan,C16H20N2O4
,214.08911,11.9,N-Butylbenzenesulfonamide,C10H15NO2S
M+H,104.0342,0.99,N-FORMYLGLYCINE,C3H5NO3
M+H-H2O,86.0237,0.99,N-FORMYLGLYCINE-H2O,C3H5NO3
,178.0529,6.9,N-FORMYL-L-METHIONINE ,C6H11NO3S
M+H,124.0398,1.34,NIACIN,C6H5NO2
M+H,123.0553,1.65,NICOTINAMIDE,C6H6N2O
M+H,665.1004,3.74,NICOTINAMIDE HYPOXANTHINE DINUCLEOTIDE,C21H26N6O15P2
M+H,335.0639,1.09,NICOTINAMIDE MONONUCLEOTIDE,C11H15N2O8P
M+Na,357.0458,1.09,NICOTINAMIDE MONONUCLEOTIDE+Na,C11H15N2O8P
M+H,124.0393,1.39,NICOTINATE,C6H5NO2
M+Na,146.0212,1.39,NICOTINATE+Na,C6H5NO2
M+H,163.123,4.33,NICOTINE,C10H14N2
,347.1242,12.22,NIFEDIPINE,C17H18N2O6
,130.08626,3.205,NIPECOTIC ACID,C6H11NO2
M+H,148.0604,0.75,N-METHYL-D-ASPARTIC ACID,C5H9NO4
M+Na,170.0424,0.75,N-METHYL-D-ASPARTIC ACID+Na,C5H9NO4
M+H-H2O,130.0499,0.75,N-METHYL-D-ASPARTIC ACID-H2O,C5H9NO4
M+H,162.0761,0.82,N-METHYL-L-GLUTAMATE,C6H11NO4
M+Na,184.058,0.82,N-METHYL-L-GLUTAMATE+Na,C6H11NO4
M+H,170.0924,0.72,N-METHYL-L-HISTIDINE,C7H11N3O2
M+Na,192.0743,0.72,N-METHYL-L-HISTIDINE+Na,C7H11N3O2
,137.07082,1.045,N-METHYLNICOTINAMIDE,C7H8N2O
M+H,175.123,8.4,N-METHYLTRYPTAMINE,C11H14N2
M+H,159.138,8.77,NONANOATE,C9H18O2
,170.0812,1.03,NORADRENALINE,C8H11NO3
M+H,379.2843,11.99,NORDEOXYCHOLIC ACID,C23H38O4
M+Na,401.2662,11.99,NORDEOXYCHOLIC ACID+Na,C23H38O4
M+H-H2O,361.2737,11.99,NORDEOXYCHOLIC ACID-H2O,C23H38O4
,152.10683,6.517,NOREPHEDRINE,C9H13NO
M+H,184.0968,2.03,NORMETANEPHRINE,C9H13NO3
M+Na,206.0788,2.03,NORMETANEPHRINE+Na,C9H13NO3
M+H-H2O,166.0863,2.03,NORMETANEPHRINE-H2O,C9H13NO3
M+H-NH3,411.3469,14.17,OCTADECANOYLCARNITINE-NH3,C25H49NO4
,288.2175,10.35,OCTANOYLCARNITINE,C15H29NO4
M+H,288.2169,10.52,OCTANOYLCARNITINE,C15H29NO4
,291.23499,10.38,OCTANOYLCARNITINE (N-methyl-D3),
M+Na,310.1989,10.52,OCTANOYLCARNITINE+Na,C15H29NO4
M+H,286.2013,10.22,OCTENOYLCARNITINE,C15H27NO4
M+Na,308.1832,10.22,OCTENOYLCARNITINE+Na,C15H27NO4
M+H,154.0863,1.21,OCTOPAMINE,C8H11NO2
M+Na,176.0682,1.21,OCTOPAMINE+Na,C8H11NO2
M+H-H2O,136.0757,1.21,OCTOPAMINE-H2O,C8H11NO2
M+H,217.1798,11.22,OMEGA-HYDROXYDODECANOIC ACID,C12H24O3
M+H-H2O,199.1693,11.22,OMEGA-HYDROXYDODECANOIC ACID-H2O,C12H24O3
M+H,186.0162,0.71,O-PHOSPHO-L-SERINE,C3H8NO6P
M+Na,207.9981,0.71,O-PHOSPHO-L-SERINE+Na,C3H8NO6P
M+H,290.1347,1.88,OPHTHALMIC ACID,C11H19N3O6
M+Na,312.1166,1.88,OPHTHALMIC ACID+Na,C11H19N3O6
,133.0972,0.66,ORNITHINE,C5H12N2O2
M+H,157.0244,1.21,OROTATE,C5H4N2O4
,98.98421,0.799,ORTHOPHOSPHATE,H3O4P
M+H,220.0816,1.84,O-SUCCINYL-L-HOMOSERINE,C8H13NO6
M+Na,242.0635,1.84,O-SUCCINYL-L-HOMOSERINE+Na,C8H13NO6
M+H-H2O,202.071,1.84,O-SUCCINYL-L-HOMOSERINE-H2O,C8H13NO6
M+Na/M+Na,554.2801,9.28538,OxLYSO PC (18:4(OH))/OxLysoPC (18:3(Ke)),
M+H/M+H/M+Na/M+H,548.2947,14.02922,"OxLYSO PC (18:4(OO))/OxLysoPC (18:3(Ke, OH))/OxoLysoPC (16:1(OO))/OxPC (18:2)",
M+H,588.2982,7.004342,OxPC (20:3(KeKe)),
M+Na/M+Na/M+Na/M+Na,734.3612,8.680635,"OxPE (20:5(OO)_11:1(CHO))/OxPE (20:5(Ke)_11:0(COOH))/OxPE (17:2(Ke,OH)_14:3(CHO))/OxPE (20:4(Ke,OH)_11:1(CHO))",
M+Na,365.1054,0.82,PALATINOSE+Na,C12H22O11
M+H-H2O,325.1129,0.82,PALATINOSE-H2O,C12H22O11
,255.23117,14.23,PALMITOLEIC ACID,C16H30O2
,400.3427,16.91,PALMITOYLCARNITINE,C23H45NO4
,403.35592,15.73,PALMITOYLCARNITINE ( N-methyl-D3),
M+Na,153.0522,7.88,PANTOLACTONE+Na,C6H10O3
M+H,220.1179,6.58,PANTOTHENIC ACID,C9H17NO5
M+H,220.1179,6.6,PANTOTHENIC ACID,C9H17NO5
M+Na,242.0999,6.58,PANTOTHENIC ACID+Na,C9H17NO5
M+H-H2O,202.1074,6.58,PANTOTHENIC ACID-H2O,C9H17NO5
M+H,181.072,7.46,PARAXANTHINE,C7H8N4O2
M+Na,203.0539,7.46,PARAXANTHINE+Na,C7H8N4O2
M+H,760.5867,16.80295,PC (34:1),
[M+Na],261.13058,7.032,PEG n5,C10H22O6
M+H-H2O,85.0648,3.75,PENTANOATE,C5H10O2
,313.1552,8.9,PHE PHE,C18H20N2O3
M+H,122.0964,7.18,PHENETHYLAMINE,C8H11N
M+H-NH3,105.0699,7.18,PHENETHYLAMINE-NH3,C8H11N
M+H-NH3,134.0362,7.07,PHENYL ACETATE,C8H8O2
M+H,136.0757,7.96,PHENYLACETAMIDE,C8H9NO3
M+H,265.1188,8.1,PHENYLACETYLGLUTAMINE,C13H16N2O4
M+H,138.0913,4.92,PHENYLETHANOLAMINE,C8H11NO
M+Na,160.0733,4.92,PHENYLETHANOLAMINE+Na,C8H11NO
M+H-H2O,120.0808,4.92,PHENYLETHANOLAMINE-H2O,C8H11NO
,127.03881,10.336,PHLOROGLUCINOL,C6H6O3
M+H,168.9897,0.87,PHOSPHO(ENOL)PYRUVIC ACID,C3H5O6P
M+H-H2O,150.9791,0.87,PHOSPHO(ENOL)PYRUVIC ACID-H2O,C3H5O6P
,184.0733,0.77,PHOSPHOCHOLINE,C5H14NO4P
M+H,212.0431,0.81,PHOSPHOCREATINE,C4H10N3O5P
M+Na,234.025,0.81,PHOSPHOCREATINE+Na,C4H10N3O5P
M+H,140.9947,0.76,PHOSPHONOACETATE,C2H5O5P
M+Na,162.9767,0.76,PHOSPHONOACETATE+Na,C2H5O5P
M+H-H2O,122.9842,0.76,PHOSPHONOACETATE-H2O,C2H5O5P
,167.03346,15.731,PHTALIC ACID,C8H6O4
,279.1586,13.5,Phthalic acid mono-2-ethylhexyl ester (MEHP),C16H22O4
M+H,124.0393,1.31,PICOLINIC ACID,C6H5NO2
M+Na,146.0212,1.31,PICOLINIC ACID+Na,C6H5NO2
M+H-H2O,106.0287,1.31,PICOLINIC ACID-H2O,C6H5NO2
M+H,130.0863,1.2,PIPECOLIC ACID,C6H11NO2
M+K,168.0421,1.2,PIPECOLIC ACID+K,C6H11NO2
M+Na,152.0682,1.2,PIPECOLIC ACID+Na,C6H11NO2
M+H?,175.0245,2.454,PlaSMA ID-412,
M+H,218.1387,6.64,PROPANOYLCARNITINE,C10H19NO4
M+Na,240.1206,6.64,PROPANOYLCARNITINE+Na,C10H19NO4
M+H,218.1387,6.64,PROPIONYLCARNITINE,C10H19NO4
,221.15693,6.68,PROPIONYLCARNITINE D3,
M+Na,240.1206,6.64,PROPIONYLCARNITINE+Na,C10H19NO4
M+Na,203.0526,0.79,PSICOSE+Na,C6H12O6
M+H-H2O,163.0601,0.79,PSICOSE-H2O,C6H12O6
M+H,164.0567,3.29,PTERIN,C6H5N5O
M+Na,186.0386,3.29,PTERIN+Na,C6H5N5O
,153.1273,6.599,PULEGONE,C10H16O
,121.05087,3.009,PURINE,C5H4N4
M+Na,143.0328,3.009,PURINE+Na,C5H4N4
M+H,89.1073,0.59,PUTRESCINE,C4H12N2
M+Na,111.0893,0.59,PUTRESCINE+Na,C4H12N2
M+H-NH3,72.0808,0.59,PUTRESCINE-NH3,C4H12N2
,80.04971,0.973,Pyridine,C5H5N
M+H,168.0291,1.61,"PYRIDINE-2,3-DICARBOXYLATE",C7H5NO4
M+Na,190.0111,1.61,"PYRIDINE-2,3-DICARBOXYLATE+Na",C7H5NO4
M+H-H2O,150.0186,1.61,"PYRIDINE-2,3-DICARBOXYLATE-H2O",C7H5NO4
M+H,168.0655,1.88,PYRIDOXAL,C8H9NO3
M+H,248.0319,1.79,PYRIDOXAL 5'-PHOSPHATE,C8H10NO6P
M+Na,270.0138,1.79,PYRIDOXAL 5'-PHOSPHATE+Na,C8H10NO6P
M+K,206.0214,1.88,PYRIDOXAL+K,C8H9NO3
M+Na,190.0475,1.88,PYRIDOXAL+Na,C8H9NO3
M+H-H2O,150.055,1.88,PYRIDOXAL-H2O,C8H9NO3
M+H,169.0972,0.76,PYRIDOXAMINE,C8H12N2O2
,249.0643,13.1,PYRIDOXAMINE 5'-PHOSPHATE,C8H13N2O5P
M+Na,191.0791,0.76,PYRIDOXAMINE+Na,C8H12N2O2
M+H-H2O,151.0866,0.76,PYRIDOXAMINE-H2O,C8H12N2O2
M+H-NH3,152.0706,0.76,PYRIDOXAMINE-NH3,C8H12N2O2
M+H,170.0812,2.78,PYRIDOXINE,C8H11NO3
M+Na,192.0631,2.78,PYRIDOXINE+Na,C8H11NO3
M+H-H2O,152.0706,2.78,PYRIDOXINE-H2O,C8H11NO3
,130.04997,1.807,PYROGLUTAMIC ACID,C5H7NO3
M+H,112.0393,7.48,PYRROLE-2-CARBOXYLATE,C5H5NO2
M+H,193.0707,0.85,QUINATE,C7H12O6
M+Na,215.0526,0.85,QUINATE+Na,C7H12O6
M+H-H2O,175.0601,0.85,QUINATE-H2O,C7H12O6
M+H,130.0651,7.01,QUINOLINE,C9H7N
,303.253,13.89,RAC-GLYCEROL 1-MYRISTATE,C17H34O4
M+Na,527.1583,0.96,RAFFINOSE,C18H32O16
M+H,347.2217,10.99,REICHSTEINS SUBSTANCE S,C21H30O4
M+H,153.0546,10.04,RESORCINOL MONOACETATE,C8H8O3
M+H,153.0757,0.74,RIBITOL,C5H12O5
M+H-H2O,135.0652,0.74,RIBITOL_H2O,C5H12O5
M+Na,175.0577,0.74,RIBITOL+Na,C5H12O5
M+H,377.1456,8.13,RIBOFLAVIN,C17H20N4O6
M+Na,399.1275,8.13,RIBOFLAVIN+Na,C17H20N4O6
M+H,231.02654,0.71,RIBULOSE 5-PHOSPHATE,C5H11O8P
[M+Na],253.00838,0.71,RIBULOSE 5-PHOSPHATE+Na,C5H11O8P
M+H,361.0918,9.65,ROSMARINIC ACID,C18H16O8
M+H,385.1289,4.78,S-(5'-ADENOSYL)-L-HOMOCYSTEINE,C14H20N6O5S
M+Na,407.1108,4.78,S-(5'-ADENOSYL)-L-HOMOCYSTEINE+Na,C14H20N6O5S
M+H,399.1445,0.84,S-(5'-ADENOSYL)-L-METHIONINE,C15H22N6O5S
M+H,138.055,8.89,SALICYLAMIDE,C7H7NO2
M+H-NH3,121.0284,8.89,SALICYLAMIDE-NH3,C7H7NO2
M+H,180.1015,4.894,SALSOLINOL,C10H13NO2
M+H,90.055,0.71,SARCOSINE,C3H7NO2
M+Na,112.0369,0.71,SARCOSINE+Na,C3H7NO2
M+H-H2O,72.0444,0.71,SARCOSINE-H2O,C3H7NO2
M+H,180.0325,0.88,S-CARBOXYMETHYL-L-CYSTEINE,C5H9NO4S
M+Na,202.0144,0.88,S-CARBOXYMETHYL-L-CYSTEINE+Na,C5H9NO4S
M+H-NH3,163.006,0.88,S-CARBOXYMETHYL-L-CYSTEINE-NH3,C5H9NO4S
M+H,192.0087,1.81,SELENOMETHIONINE,C5H11NO2Se
M+H-NH3,174.9822,1.81,SELENOMETHIONINE-NH3,C5H11NO2Se
M+H,177.1022,6.8,SEROTONIN,C10H12N2O
M+H-NH3,160.0757,6.8,SEROTONIN-NH3,C10H12N2O
M+H,392.185,9.41,S-HEXYL-GLUTATHIONE,C16H29N3O6S
M+Na,414.1669,9.41,S-HEXYL-GLUTATHIONE+Na,C16H29N3O6S
M+Na,197.042,1.09,SHIKIMATE+Na,C7H10O5
M+H-H2O,157.0495,1.09,SHIKIMATE-H2O,C7H10O5
M+H,258.1101,0.76,SN-GLYCERO-3-PHOSPHOCHOLINE,C8H20NO6P
M+K,296.066,0.76,SN-GLYCERO-3-PHOSPHOCHOLINE+K,C8H20NO6P
M+Na,280.092,0.76,SN-GLYCERO-3-PHOSPHOCHOLINE+Na,C8H20NO6P
M+H,173.021,0.85,SN-GLYCEROL 3-PHOSPHATE,C3H9O6P
M+H-H2O,95.0491,9.48,SORBATE,C6H8O2
M+H,146.1652,0.54,SPERMIDINE,C7H19N3
M+Na,168.1471,0.54,SPERMIDINE+Na,C7H19N3
M+H-NH3,129.1386,0.54,SPERMIDINE-NH3,C7H19N3
M+H,203.223,0.55,SPERMINE,C10H26N4
M+H-NH3,186.1965,0.55,SPERMINE-NH3,C10H26N4
,302.3054,13.3,SPHINGANINE,C18H39NO2
M+H,300.2905,13.56,SPHINGOSINE (d18:1),
,144.10167,1.02,STACHYDRINE,C7H13NO2
M+Na,689.2111,0.9,STACHYOSE,C24H42O21
,307.1012,8.3,STARCH ACETATE,
M+H,175.0965,9.32,SUBERIC ACID,C8H14O4
M+H-H2O,157.0859,9.32,SUBERIC ACID-H2O,C8H14O4
M+H,119.0339,2.3,SUCCINATE,C4H6O4
M+Na,141.0158,2.3,SUCCINATE+Na,C4H6O4
M+H-H2O,101.0233,2.3,SUCCINATE-H2O,C4H6O4
M+H,262.1285,6.04,SUCCINYLCARNITINE,C11H19NO6
M+Na,284.1105,6.04,SUCCINYLCARNITINE+Na,C11H19NO6
M+H,343.1235,0.88,SUCROSE,C12H22O11
M+Na,365.1054,0.88,SUCROSE+Na,C12H22O11
M+H-H2O,325.1129,0.88,SUCROSE-H2O,C12H22O11
,129.12723,8.989,SULCATOL,C8H16O2
,199.0601,7.3,SYRINGIC ACID,C9H10O5
M+Na,173.0057,0.84,TARTARIC ACID+Na,C4H6O6
M+Na,173.00566,0.915,TARTARIC ACID+Na,C4H6O6
M+H,126.0219,0.71,TAURINE,C2H7NO3S
M+Na,148.0039,0.71,TAURINE+Na,C2H7NO3S
M+H-H2O,108.0114,0.71,TAURINE-H2O,C2H7NO3S
M+H,500.304,10.55,TAUROCHENODEOXYCHOLIC ACID,C26H45NO6S
M+H,500.3023,10.55,TAUROCHENODEOXYCHOLIC ACID,C26H45NO6S
M+K,538.2498,10.55,TAUROCHENODEOXYCHOLIC ACID+K,C26H45NO6S
M+Na,522.286,10.55,TAUROCHENODEOXYCHOLIC ACID+Na,C26H45NO6S
M+NH4,517.3293,10.55,TAUROCHENODEOXYCHOLIC ACID+NH4,C26H45NO6S
M+H-2H2O,464.2813,10.55,TAUROCHENODEOXYCHOLIC ACID-2H2O,C26H45NO6S
Dimer,999.5997,10.55,TAUROCHENODEOXYCHOLIC ACID-dimer,C26H45NO6S
M+H-H2O,482.2935,10.55,TAUROCHENODEOXYCHOLIC ACID-H2O,C26H45NO6S
M+H-H2O,482.2918,10.55,TAUROCHENODEOXYCHOLIC ACID-H2O,C26H45NO6S
M+H,516.299,9.94,TAUROCHOLIC ACID (TCA),C26H45NO7S
M+K,554.2445,9.94,TAUROCHOLIC ACID (TCA)+K,C26H45NO7S
M+Na,538.2809,9.94,TAUROCHOLIC ACID (TCA)+Na,C26H45NO7S
M+NH4,533.3238,9.94,TAUROCHOLIC ACID (TCA)+NH4,C26H45NO7S
M+H-2H2O,480.2769,9.94,TAUROCHOLIC ACID (TCA)-2H2O,C26H45NO7S
M+H-H2O,498.2884,9.94,TAUROCHOLIC ACID (TCA)-H2O,C26H45NO7S
M+H,500.304,9.99,TAURODEOXYCHOLIC ACID,C26H45NO6S
M+H,500.304,10.68,TAURODEOXYCHOLIC ACID (T-DCA),C26H45NO6S
M+K,538.2493,10.68,TAURODEOXYCHOLIC ACID (T-DCA)+K,C26H45NO6S
M+Na,522.286,10.68,TAURODEOXYCHOLIC ACID (T-DCA)+Na,C26H45NO6S
M+NH4,517.3291,10.68,TAURODEOXYCHOLIC ACID (T-DCA)+NH4,C26H45NO6S
M+H-2H2O,464.2816,10.68,TAURODEOXYCHOLIC ACID (T-DCA)-2H2O,C26H45NO6S
M+H-H2O,482.2935,10.68,TAURODEOXYCHOLIC ACID (T-DCA)-H2O,C26H45NO6S
M+Na,522.286,9.99,TAURODEOXYCHOLIC ACID+Na,C26H45NO6S
M+H-H2O,482.2935,9.99,TAURODEOXYCHOLIC ACID-H2O,C26H45NO6S
M+H,484.3091,11.64,TAUROLITHOCHOLATE,C26H45NO5S
M+Na,506.2911,11.64,TAUROLITHOCHOLATE+Na,C26H45NO5S
M+H-H2O,466.2986,11.64,TAUROLITHOCHOLATE-H2O,C26H45NO5S
M+H,484.3091,11.52,TAUROLITHOCHOLIC ACID (T-LCA),C26H45NO5S
M+K,522.2546,11.52,TAUROLITHOCHOLIC ACID (T-LCA)+K,C26H45NO5S
M+Na,506.2911,11.52,TAUROLITHOCHOLIC ACID (T-LCA)+Na,C26H45NO5S
M+NH4,501.3341,11.52,TAUROLITHOCHOLIC ACID (T-LCA)+NH4,C26H45NO5S
M+H-H2O,466.2986,11.52,TAUROLITHOCHOLIC ACID (T-LCA)-H2O,C26H45NO5S
Dimer,967.6097,11.55,TAUROLITHOCHOLIC ACID-dimer,C26H45NO5S
M+H,516.299,9.46,TAUROMURICHOLIC ACID,C26H45NO7S
M+H,516.299,9.52,TAUROMURICHOLIC ACID,C26H45NO7S
M+H-H2O,498.2884,9.46,TAUROMURICHOLIC ACID+H2O,C26H45NO7S
M+Na,538.2809,9.46,TAUROMURICHOLIC ACID+Na,C26H45NO7S
M+Na,538.2809,9.52,TAUROMURICHOLIC ACID+Na,C26H45NO7S
M+H-H2O,498.2884,9.52,TAUROMURICHOLIC ACID-H2O,C26H45NO7S
M+H,500.304,10,TAUROURSODEOXYCHOLIC ACID (T-UDCA),C26H45NO6S
M+K,538.2493,10,TAUROURSODEOXYCHOLIC ACID (T-UDCA)+K,C26H45NO6S
M+Na,522.286,10,TAUROURSODEOXYCHOLIC ACID (T-UDCA)+Na,C26H45NO6S
M+NH4,517.3291,10,TAUROURSODEOXYCHOLIC ACID (T-UDCA)+NH4,C26H45NO6S
M+H-2H2O,464.2816,10,TAUROURSODEOXYCHOLIC ACID (T-UDCA)-2H2O,C26H45NO6S
M+H-H2O,482.2935,10,TAUROURSODEOXYCHOLIC ACID (T-UDCA)-H2O,C26H45NO6S
,305.0644,9.35,TAXIFOLIN,C15H12O7
,357.279,12.4,TETRACOSAHEXAENOIC ACID,C24H36O2
M+H,370.2952,14.27,TETRADECENOYLCARNITINE,C21H39NO4
M+Na,392.2771,14.27,TETRADECENOYLCARNITINE+Na,C21H39NO4
,105.037,2.224,TETRAHYDROTHIOPHENE-1-OXIDE,C4H8OS
,217.17938,12.603,TEXANOL,C12H24O3
M+H,181.072,7.03,THEOBROMINE,C7H8N4O2
M+Na,203.0539,7.03,THEOBROMINE+Na,C7H8N4O2
,181.0716,7.4,THEOPHYLLINE,C7H8N4O2
M-e,265.1118,1.2,THIAMINE,C12H17N4OS
M+H,345.0781,0.9,THIAMINE MONOPHOSPHATE,C12H17N4O4PS
M+Na,367.06,0.9,THIAMINE MONOPHOSPHATE+Na,C12H17N4O4PS
M+H,425.0444,0.85,THIAMINE PYROPHOSPHATE,C12H18N4O7P2S
M+Na,447.0264,0.85,THIAMINE PYROPHOSPHATE+Na,C12H18N4O7P2S
M+H,167.0386,7.92,THIOPURINE S-METHYLETHER,C6H6N4S
M+K,204.9945,7.92,THIOPURINE S-METHYLETHER+K,C6H6N4S
M+Na,189.0205,7.92,THIOPURINE S-METHYLETHER+Na,C6H6N4S
M+H,77.0168,0.87,THIOUREA,CH4N2S
,120.06552,0.759,THREONINE,C4H9NO3
M+H,243.0975,6.59,THYMIDINE,C10H14N2O5
M+H,323.0639,3.38,THYMIDINE 5'-MONOPHOSPHATE,C10H15N2O8P
M+Na,345.0458,3.38,THYMIDINE 5'-MONOPHOSPHATE+Na,C10H15N2O8P
M+Na,265.0795,6.59,THYMIDINE+Na,C10H14N2O5
M+H-H2O,225.087,6.59,THYMIDINE-H2O,C10H14N2O5
M+H,127.0502,3.33,THYMINE,C5H6N2O2
M+Na,149.0321,3.33,THYMINE+Na,C5H6N2O2
M+H-H2O,151.1117,9.498,THYMOL,C10H14O
M+H,363.1775,6.09,THYROTROPIN RELEASING HORMONE,C16H22N6O4
M+Na,385.1595,6.09,THYROTROPIN RELEASING HORMONE+Na,C16H22N6O4
M+H,244.1543,7.94,TIGLYLCARNITINE,C12H21NO4
M+Na,266.1363,7.94,TIGLYLCARNITINE+Na,C12H21NO4
M+H,76.07624,0.86,TMAO,C3H9NO
M+H,132.0655,0.73,TRANS-4-HYDROXYPROLINE,C5H9NO3
M+Na,154.0475,0.73,TRANS-4-HYDROXYPROLINE+Na,C5H9NO3
M+H,175.0237,1.13,TRANS-ACONITATE,C6H6O6
M+H,175.02371,3.22,TRANS-ACONITATE,C6H6O6
M+H,175.0237,2.53,TRANS-ACONITATE,C6H6O6
M+Na,197.00566,1.13,TRANS-ACONITATE+Na,C6H6O7
M+Na,197.0057,3.22,TRANS-ACONITATE+Na,C6H6O6
M+Na,197.0057,2.53,TRANS-ACONITATE+Na,C6H6O7
M+H-H2O,157.0131,1.13,TRANS-ACONITATE-H2O,C6H6O6
M+H-H2O,157.0131,3.22,TRANS-ACONITATE-H2O,C6H6O6
M+H-H2O,157.0131,2.53,TRANS-ACONITATE-H2O,C6H6O6
,133.0648,7.86,TRANS-CINNAMALDEHYDE,C9H8O
M+H,149.0597,10.72,TRANS-CINNAMATE,C9H8O2
M+H-H2O,131.0491,10.72,TRANS-CINNAMATE-H2O,C9H8O2
M+Na,139.073,5.93,"TRANS-CYCLOHEXANE-1,2-DIOL",C6H12O2
,372.1584,9.97,TRAZODONE,C19H22ClN5O
M+Na,365.1054,0.79,TREHALOSE+Na,C12H22O11
M+H-H2O,325.1129,0.79,TREHALOSE-H2O,C12H22O11
,150.11229,0.782,TRIETHANOLAMINE,C6H15NO3
,183.07794,9.294,TRIETHYLPHOSPHATE,C6H15O4P
M+H,138.055,0.94,TRIGONELLINE,C7H7NO2
M+K,176.0108,0.94,TRIGONELLINE+K,C7H7NO2
M+Na,160.0369,0.94,TRIGONELLINE+Na,C7H7NO2
,331.24756,13.886,Trihydroxy octadecenoic acid,C18H34O5
M+H,189.1598,0.7,TRIMETHYLLYSINE,C9H20N2O2
M+H,189.1598,0.83,TRIMETHYLLYSINE,C9H20N2O2
M+K,227.1156,0.7,TRIMETHYLLYSINE+K,C9H20N2O2
M+Na,211.1417,0.7,TRIMETHYLLYSINE+Na,C9H20N2O2
M+H,161.1073,8.17,TRYPTAMINE,C10H12N2
M+H-NH3,144.0808,8.17,TRYPTAMINE-NH3,C10H12N2
M+H,138.0913,4.34,TYRAMINE,C8H11NO
M+H-NH3,121.0648,4.34,TYRAMINE-NH3,C8H11NO
M+H,139.07576,13.991,TYROSOL,C8H10O2
M+H,113.0346,1.42,URACIL,C4H4N2O2
M+Na,135.0165,1.42,URACIL+Na,C4H4N2O2
M+H,169.03562,1.922,URATE,C5H4N4O3
M+H,147.0764,1.95,UREIDOISOBUTRYATE,C5H10N2O3
M+H,245.0768,2.85,URIDINE,C9H12N2O6
M+H,608.0888,1.2,URIDINE 5'-DIPHOSPHO-N-ACETYLGALACTOSAMINE,C17H27N3O17P2
M+Na,630.0708,1.2,URIDINE 5'-DIPHOSPHO-N-ACETYLGLUCOSAMINE,C17H27N3O17P2
M+Na,267.0588,2.85,URIDINE+Na,C9H12N2O6
M+H,325.04314,1.366,URIDINE-5-MONOPHOSPHATE,C9H13N2O9P
M+H,139.0502,1.97,UROCANATE,C6H6N2O2
M+Na,161.0321,1.97,UROCANATE+Na,C6H6N2O2
M+H-H2O,121.0396,1.97,UROCANATE-H2O,C6H6N2O2
M+Na,431.2768,10.39,URSOCHOLIC ACID,C24H40O5
M+H-2H2O,357.2777,11.65,URSODEOXYCHOLIC ACID-2H2O,C24H40O4
M+H-H2O,375.2894,11.65,URSODEOXYCHOLIC ACID-H2O,C24H40O4
M+H-H2O,375.2883,11.65,URSODEOXYCHOLIC ACID-H2O,C24H40O4
M+H,246.17,8.31,VALERYLCARNITINE,C12H23NO4
M+Na,268.1519,8.31,VALERYLCARNITINE+Na,C12H23NO4
,137.0596,4.96,VANILLAMINE,
M+H,153.0546,9,VANILLIN,C8H8O3
M+H,153.0407,2.53,XANTHINE,C5H4N4O2
M+H,285.083,6.51,XANTHOSINE,C10H12N4O6
,365.0493,2.43,XANTHOSINE 5'-MONOPHOSPHATE,C10H13N4O9P
M+Na,307.0649,6.51,XANTHOSINE+Na,C10H12N4O6
M+H,206.0448,7.57,XANTHURENIC ACID,C10H7NO4
M+Na,228.0267,7.57,XANTHURENIC ACID+Na,C10H7NO4
M+H,153.0757,0.74,XYLITOL,C5H12O5
M+Na,175.0577,0.74,XYLITOL+Na,C5H12O5
M+H-H2O,135.0652,0.74,XYLITOL-H2O,C5H12O5